model_id,csv_name,model_label,params,accuracy,pct_profit_mean,pct_profit_median,fpr,correct_arb_neg1,correct_arb_1,correct_arb,precision_neg1,precision_0,precision_1,recall_neg1,recall_0,recall_1,f1_neg1,f1_0,f1_1
gemini_kraken_ltc_btc_rf_75_feat_hyper_auto_12_100,gemini_kraken_ltc_btc,rf_75_feat_hyper,"{'max_depth': 12, 'max_features': 'auto', 'n_estimators': 100}",0.5512058720727019,-0.21,-0.36,0.27984533591106814,10,77,87,0.5555555555555556,0.7201546640889318,0.09948320413436693,0.07462686567164178,0.6794345645234838,0.1441947565543071,0.13157894736842105,0.6992022524636321,0.11773700305810397
gemini_kraken_ltc_btc_rf_75_feat_hyper_auto_12_150,gemini_kraken_ltc_btc,rf_75_feat_hyper,"{'max_depth': 12, 'max_features': 'auto', 'n_estimators': 150}",0.5480601188395666,-0.24,-0.37,0.28338136407300674,8,68,76,0.47058823529411764,0.7166186359269933,0.08923884514435695,0.05970149253731343,0.6803465572275422,0.12734082397003746,0.10596026490066227,0.6980116959064327,0.10493827160493828
gemini_kraken_ltc_btc_rf_75_feat_hyper_11_12_100,gemini_kraken_ltc_btc,rf_75_feat_hyper,"{'max_depth': 12, 'max_features': 11, 'n_estimators': 100}",0.5627403005941979,-0.17,-0.34,0.26587301587301587,24,106,130,0.5853658536585366,0.7341269841269841,0.1318407960199005,0.1791044776119403,0.674874601003192,0.19850187265917604,0.2742857142857143,0.703254929912093,0.15844544095665172
gemini_kraken_ltc_btc_rf_75_feat_hyper_11_12_150,gemini_kraken_ltc_btc,rf_75_feat_hyper,"{'max_depth': 12, 'max_features': 11, 'n_estimators': 150}",0.5581964348130024,-0.2,-0.34,0.27102803738317754,23,92,115,0.575,0.7289719626168224,0.116751269035533,0.17164179104477612,0.6757865937072504,0.17228464419475656,0.26436781609195403,0.7013724562233791,0.13918305597579425
gemini_kraken_ltc_btc_rf_75_feat_hyper_13_12_100,gemini_kraken_ltc_btc,rf_75_feat_hyper,"{'max_depth': 12, 'max_features': 13, 'n_estimators': 100}",0.553652569031807,-0.17,-0.35,0.2743362831858407,6,102,108,0.25,0.7256637168141593,0.12702366127023662,0.04477611940298507,0.6730506155950753,0.19101123595505617,0.07594936708860758,0.6983676366217175,0.15258040388930444
gemini_kraken_ltc_btc_rf_75_feat_hyper_13_12_150,gemini_kraken_ltc_btc,rf_75_feat_hyper,"{'max_depth': 12, 'max_features': 13, 'n_estimators': 150}",0.5473610625655365,-0.21,-0.36,0.2809152872444012,8,81,89,0.3076923076923077,0.7190847127555988,0.10371318822023047,0.05970149253731343,0.6735066119471044,0.15168539325842698,0.09999999999999999,0.6955497998587238,0.12319391634980989
gemini_kraken_ltc_btc_rf_75_feat_hyper_auto_15_100,gemini_kraken_ltc_btc,rf_75_feat_hyper,"{'max_depth': 15, 'max_features': 'auto', 'n_estimators': 100}",0.5585459629500175,-0.17,-0.35,0.27134445534838075,10,103,113,0.4166666666666667,0.7286555446516192,0.12891113892365458,0.07462686567164178,0.6771545827633378,0.19288389513108614,0.12658227848101264,0.7019617111793902,0.15453863465866466
gemini_kraken_ltc_btc_rf_75_feat_hyper_auto_15_150,gemini_kraken_ltc_btc,rf_75_feat_hyper,"{'max_depth': 15, 'max_features': 'auto', 'n_estimators': 150}",0.5543516253058371,-0.18,-0.36,0.27495107632093935,6,98,104,0.2857142857142857,0.7250489236790607,0.12311557788944724,0.04477611940298507,0.6757865937072504,0.18352059925093633,0.07741935483870967,0.6995515695067266,0.14736842105263157
gemini_kraken_ltc_btc_rf_75_feat_hyper_11_15_100,gemini_kraken_ltc_btc,rf_75_feat_hyper,"{'max_depth': 15, 'max_features': 11, 'n_estimators': 100}",0.5487591751135966,-0.27,-0.37,0.28393881453154873,14,58,72,0.4827586206896552,0.7160611854684512,0.07837837837837838,0.1044776119402985,0.6830825353397173,0.10861423220973783,0.17177914110429446,0.6991831971995333,0.09105180533751962
gemini_kraken_ltc_btc_rf_75_feat_hyper_11_15_150,gemini_kraken_ltc_btc,rf_75_feat_hyper,"{'max_depth': 15, 'max_features': 11, 'n_estimators': 150}",0.5470115344285215,-0.28,-0.37,0.28585040495474034,13,53,66,0.5,0.7141495950452597,0.07201086956521739,0.09701492537313433,0.6835385316917465,0.09925093632958802,0.1625,0.6985088536812675,0.08346456692913386
gemini_kraken_ltc_btc_rf_75_feat_hyper_13_15_100,gemini_kraken_ltc_btc,rf_75_feat_hyper,"{'max_depth': 15, 'max_features': 13, 'n_estimators': 100}",0.5477105907025516,-0.26,-0.37,0.28289156626506023,15,64,79,0.5769230769230769,0.7171084337349397,0.08421052631578947,0.11194029850746269,0.6785225718194254,0.1198501872659176,0.1875,0.6972820993439549,0.09891808346213293
gemini_kraken_ltc_btc_rf_75_feat_hyper_13_15_150,gemini_kraken_ltc_btc,rf_75_feat_hyper,"{'max_depth': 15, 'max_features': 13, 'n_estimators': 150}",0.5470115344285215,-0.26,-0.37,0.2829550941574119,8,72,80,0.36363636363636365,0.7170449058425882,0.09375,0.05970149253731343,0.6771545827633378,0.1348314606741573,0.10256410256410257,0.6965290806754222,0.11059907834101382
gemini_kraken_ltc_btc_rf_75_feat_hyper_auto_17_100,gemini_kraken_ltc_btc,rf_75_feat_hyper,"{'max_depth': 17, 'max_features': 'auto', 'n_estimators': 100}",0.5554002097168822,-0.25,-0.37,0.2799237005245589,6,73,79,0.4,0.7200762994754412,0.09746328437917223,0.04477611940298507,0.6885544915640675,0.13670411985018727,0.08053691275167785,0.703962703962704,0.11379579111457522
gemini_kraken_ltc_btc_rf_75_feat_hyper_auto_17_150,gemini_kraken_ltc_btc,rf_75_feat_hyper,"{'max_depth': 17, 'max_features': 'auto', 'n_estimators': 150}",0.5578469066759875,-0.23,-0.37,0.2787821122740247,3,77,80,0.25,0.7212178877259753,0.10307898259705489,0.022388059701492536,0.6912904696762426,0.1441947565543071,0.0410958904109589,0.7059371362048895,0.12021857923497267
gemini_kraken_ltc_btc_rf_75_feat_hyper_11_17_100,gemini_kraken_ltc_btc,rf_75_feat_hyper,"{'max_depth': 17, 'max_features': 11, 'n_estimators': 100}",0.5424676686473261,-0.27,-0.37,0.2878352490421456,13,52,65,0.48148148148148145,0.7121647509578544,0.06970509383378017,0.09701492537313433,0.6780665754673962,0.09737827715355805,0.16149068322981366,0.6946975005839757,0.08125
gemini_kraken_ltc_btc_rf_75_feat_hyper_11_17_150,gemini_kraken_ltc_btc,rf_75_feat_hyper,"{'max_depth': 17, 'max_features': 11, 'n_estimators': 150}",0.5442153093324013,-0.27,-0.37,0.28653569717297556,12,56,68,0.46153846153846156,0.7134643028270244,0.0748663101604278,0.08955223880597014,0.6789785681714546,0.10486891385767791,0.15,0.6957943925233645,0.0873634945397816
gemini_kraken_ltc_btc_rf_75_feat_hyper_13_17_100,gemini_kraken_ltc_btc,rf_75_feat_hyper,"{'max_depth': 17, 'max_features': 13, 'n_estimators': 100}",0.5501572876616567,-0.21,-0.36,0.2787524366471735,3,91,94,0.1875,0.7212475633528265,0.11475409836065574,0.022388059701492536,0.674874601003192,0.1704119850187266,0.04,0.6972909305064782,0.13715146948003015
gemini_kraken_ltc_btc_rf_75_feat_hyper_13_17_150,gemini_kraken_ltc_btc,rf_75_feat_hyper,"{'max_depth': 17, 'max_features': 13, 'n_estimators': 150}",0.5470115344285215,-0.23,-0.37,0.2819019893255701,3,82,85,0.17647058823529413,0.7180980106744299,0.10472541507024266,0.022388059701492536,0.674874601003192,0.15355805243445692,0.039735099337748346,0.6958157028678892,0.12452543659832954
gemini_kraken_ltc_btc_rf_75_feat_hyper_auto_19_100,gemini_kraken_ltc_btc,rf_75_feat_hyper,"{'max_depth': 19, 'max_features': 'auto', 'n_estimators': 100}",0.5588954910870325,-0.15,-0.33,0.26917367639782286,8,114,122,0.3333333333333333,0.7308263236021771,0.13970588235294118,0.05970149253731343,0.6735066119471044,0.21348314606741572,0.10126582278481013,0.7009966777408637,0.1688888888888889
gemini_kraken_ltc_btc_rf_75_feat_hyper_auto_19_150,gemini_kraken_ltc_btc,rf_75_feat_hyper,"{'max_depth': 19, 'max_features': 'auto', 'n_estimators': 150}",0.5662355819643481,-0.1,-0.31,0.26102204408817636,3,142,145,0.16666666666666666,0.7389779559118237,0.16765053128689492,0.022388059701492536,0.6725946192430461,0.26591760299625467,0.039473684210526314,0.7042253521126761,0.20564808110065172
gemini_kraken_ltc_btc_rf_75_feat_hyper_11_19_100,gemini_kraken_ltc_btc,rf_75_feat_hyper,"{'max_depth': 19, 'max_features': 11, 'n_estimators': 100}",0.5508563439356868,-0.22,-0.37,0.27955426356589147,10,79,89,0.35714285714285715,0.7204457364341085,0.10273081924577374,0.07462686567164178,0.6780665754673962,0.14794007490636704,0.12345679012345678,0.6986140474512567,0.12125863392171912
gemini_kraken_ltc_btc_rf_75_feat_hyper_11_19_150,gemini_kraken_ltc_btc,rf_75_feat_hyper,"{'max_depth': 19, 'max_features': 11, 'n_estimators': 150}",0.5512058720727019,-0.22,-0.37,0.27984533591106814,9,78,87,0.375,0.7201546640889318,0.1015625,0.06716417910447761,0.6794345645234838,0.14606741573033707,0.1139240506329114,0.6992022524636321,0.11981566820276497
gemini_kraken_ltc_btc_rf_75_feat_hyper_13_19_100,gemini_kraken_ltc_btc,rf_75_feat_hyper,"{'max_depth': 19, 'max_features': 13, 'n_estimators': 100}",0.5574973785389724,-0.17,-0.34,0.2703905091448344,4,115,119,0.2222222222222222,0.7296094908551656,0.1402439024390244,0.029850746268656716,0.6730506155950753,0.2153558052434457,0.052631578947368425,0.7001897533206831,0.16986706056129988
gemini_kraken_ltc_btc_rf_75_feat_hyper_13_19_150,gemini_kraken_ltc_btc,rf_75_feat_hyper,"{'max_depth': 19, 'max_features': 13, 'n_estimators': 150}",0.5616917161831527,-0.14,-0.34,0.2660367976131278,4,127,131,0.2,0.7339632023868722,0.1530120481927711,0.029850746268656716,0.6730506155950753,0.23782771535580524,0.051948051948051945,0.7021883920076117,0.186217008797654
gemini_kraken_ltc_btc_rf_75_feat_hyper_auto_21_100,gemini_kraken_ltc_btc,rf_75_feat_hyper,"{'max_depth': 21, 'max_features': 'auto', 'n_estimators': 100}",0.5802167074449494,-0.08,-0.31,0.25075225677031093,12,154,166,0.6,0.7492477432296891,0.18181818181818182,0.08955223880597014,0.6812585499316005,0.2883895131086142,0.1558441558441558,0.7136374492476713,0.22302679217958
gemini_kraken_ltc_btc_rf_75_feat_hyper_auto_21_150,gemini_kraken_ltc_btc,rf_75_feat_hyper,"{'max_depth': 21, 'max_features': 'auto', 'n_estimators': 150}",0.5655365256903181,-0.14,-0.33,0.2648221343873518,4,126,130,0.2857142857142857,0.7351778656126482,0.15309842041312272,0.029850746268656716,0.6785225718194254,0.23595505617977527,0.05405405405405406,0.7057149632440123,0.18570375829034633
gemini_kraken_ltc_btc_rf_75_feat_hyper_11_21_100,gemini_kraken_ltc_btc,rf_75_feat_hyper,"{'max_depth': 21, 'max_features': 11, 'n_estimators': 100}",0.5571478504019574,-0.18,-0.35,0.2725490196078431,23,87,110,0.5897435897435898,0.7274509803921568,0.11125319693094629,0.17164179104477612,0.6766985864113088,0.16292134831460675,0.2658959537572254,0.7011575714623198,0.1322188449848024
gemini_kraken_ltc_btc_rf_75_feat_hyper_11_21_150,gemini_kraken_ltc_btc,rf_75_feat_hyper,"{'max_depth': 21, 'max_features': 11, 'n_estimators': 150}",0.5491087032506117,-0.22,-0.36,0.2804463852498787,19,69,88,0.5588235294117647,0.7195536147501213,0.09007832898172324,0.1417910447761194,0.6762425900592796,0.12921348314606743,0.2261904761904762,0.6972261401034321,0.10615384615384617
gemini_kraken_ltc_btc_rf_75_feat_hyper_13_21_100,gemini_kraken_ltc_btc,rf_75_feat_hyper,"{'max_depth': 21, 'max_features': 13, 'n_estimators': 100}",0.5473610625655365,-0.24,-0.36,0.2811284046692607,11,77,88,0.39285714285714285,0.7188715953307393,0.0990990990990991,0.08208955223880597,0.6739626082991336,0.1441947565543071,0.13580246913580246,0.6956931042598258,0.11746758199847444
gemini_kraken_ltc_btc_rf_75_feat_hyper_13_21_150,gemini_kraken_ltc_btc,rf_75_feat_hyper,"{'max_depth': 21, 'max_features': 13, 'n_estimators': 150}",0.5449143656064314,-0.26,-0.37,0.28481927710843374,10,65,75,0.38461538461538464,0.7151807228915663,0.08552631578947369,0.07462686567164178,0.6766985864113088,0.12172284644194757,0.12499999999999999,0.6954076850984067,0.10046367851622874
gemini_kraken_ltc_btc_rf_75_feat_hyper_auto_25_100,gemini_kraken_ltc_btc,rf_75_feat_hyper,"{'max_depth': 25, 'max_features': 'auto', 'n_estimators': 100}",0.5753233135267389,-0.1,-0.33,0.25646123260437376,9,141,150,0.5625,0.7435387673956262,0.16926770708283315,0.06716417910447761,0.6821705426356589,0.2640449438202247,0.12,0.7115338882282997,0.20629114850036578
gemini_kraken_ltc_btc_rf_75_feat_hyper_auto_25_150,gemini_kraken_ltc_btc,rf_75_feat_hyper,"{'max_depth': 25, 'max_features': 'auto', 'n_estimators': 150}",0.5574973785389724,-0.2,-0.36,0.27527818093855827,4,93,97,0.2857142857142857,0.7247218190614417,0.11923076923076924,0.029850746268656716,0.6830825353397173,0.17415730337078653,0.05405405405405406,0.7032863849765257,0.14155251141552513
gemini_kraken_ltc_btc_rf_75_feat_hyper_11_25_100,gemini_kraken_ltc_btc,rf_75_feat_hyper,"{'max_depth': 25, 'max_features': 11, 'n_estimators': 100}",0.5473610625655365,-0.24,-0.37,0.2821878025169409,16,67,83,0.4444444444444444,0.717812197483059,0.08827404479578392,0.11940298507462686,0.6762425900592796,0.1254681647940075,0.18823529411764706,0.6964076074195821,0.10363495746326372
gemini_kraken_ltc_btc_rf_75_feat_hyper_11_25_150,gemini_kraken_ltc_btc,rf_75_feat_hyper,"{'max_depth': 25, 'max_features': 11, 'n_estimators': 150}",0.5459629500174764,-0.24,-0.37,0.28336557059961315,13,67,80,0.43333333333333335,0.7166344294003868,0.08781127129750983,0.09701492537313433,0.6757865937072504,0.1254681647940075,0.1585365853658537,0.6956113588359539,0.10331534309946029
gemini_kraken_ltc_btc_rf_75_feat_hyper_13_25_100,gemini_kraken_ltc_btc,rf_75_feat_hyper,"{'max_depth': 25, 'max_features': 13, 'n_estimators': 100}",0.5512058720727019,-0.22,-0.36,0.27726161369193153,10,89,99,0.38461538461538464,0.7227383863080684,0.11265822784810127,0.07462686567164178,0.6739626082991336,0.16666666666666666,0.12499999999999999,0.6974988201982066,0.13444108761329304
gemini_kraken_ltc_btc_rf_75_feat_hyper_13_25_150,gemini_kraken_ltc_btc,rf_75_feat_hyper,"{'max_depth': 25, 'max_features': 13, 'n_estimators': 150}",0.5449143656064314,-0.27,-0.37,0.2852332852332852,10,63,73,0.38461538461538464,0.7147667147667147,0.08333333333333333,0.07462686567164178,0.677610579115367,0.11797752808988764,0.12499999999999999,0.695692883895131,0.09767441860465116
gemini_kraken_ltc_btc_rf_75_feat_hyper_auto_35_100,gemini_kraken_ltc_btc,rf_75_feat_hyper,"{'max_depth': 35, 'max_features': 'auto', 'n_estimators': 100}",0.5781195386228591,-0.08,-0.31,0.2532467532467532,10,149,159,0.5882352941176471,0.7467532467532467,0.17695961995249407,0.07462686567164178,0.6817145462836297,0.27902621722846443,0.1324503311258278,0.7127532777115613,0.21656976744186046
gemini_kraken_ltc_btc_rf_75_feat_hyper_auto_35_150,gemini_kraken_ltc_btc,rf_75_feat_hyper,"{'max_depth': 35, 'max_features': 'auto', 'n_estimators': 150}",0.5606431317721077,-0.18,-0.34,0.2718871595330739,4,103,107,0.2857142857142857,0.728112840466926,0.1302149178255373,0.029850746268656716,0.6826265389876881,0.19288389513108614,0.05405405405405406,0.7046363850317722,0.15547169811320752
gemini_kraken_ltc_btc_rf_75_feat_hyper_11_35_100,gemini_kraken_ltc_btc,rf_75_feat_hyper,"{'max_depth': 35, 'max_features': 11, 'n_estimators': 100}",0.5442153093324013,-0.26,-0.37,0.28612578012482,9,61,70,0.34615384615384615,0.7138742198751801,0.08111702127659574,0.06716417910447761,0.6780665754673962,0.11423220973782772,0.1125,0.695509822263798,0.09486780715396578
gemini_kraken_ltc_btc_rf_75_feat_hyper_11_35_150,gemini_kraken_ltc_btc,rf_75_feat_hyper,"{'max_depth': 35, 'max_features': 11, 'n_estimators': 150}",0.5449143656064314,-0.25,-0.37,0.2850264805007222,13,61,74,0.4482758620689655,0.7149735194992778,0.08079470198675497,0.09701492537313433,0.6771545827633378,0.11423220973782772,0.15950920245398775,0.6955503512880561,0.09464701318851822
gemini_kraken_ltc_btc_rf_75_feat_hyper_13_35_100,gemini_kraken_ltc_btc,rf_75_feat_hyper,"{'max_depth': 35, 'max_features': 13, 'n_estimators': 100}",0.5491087032506117,-0.22,-0.36,0.2787286063569682,10,86,96,0.38461538461538464,0.7212713936430318,0.10886075949367088,0.07462686567164178,0.6725946192430461,0.16104868913857678,0.12499999999999999,0.6960830580462483,0.12990936555891242
gemini_kraken_ltc_btc_rf_75_feat_hyper_13_35_150,gemini_kraken_ltc_btc,rf_75_feat_hyper,"{'max_depth': 35, 'max_features': 13, 'n_estimators': 150}",0.541069556099266,-0.26,-0.37,0.2879807692307692,7,60,67,0.2916666666666667,0.7120192307692308,0.07926023778071334,0.05223880597014925,0.6753305973552212,0.11235955056179775,0.08860759493670886,0.6931897963959747,0.09295120061967467
bitfinex_hitbtc_ltc_usdt_rf_75_feat_hyper_auto_12_100,bitfinex_hitbtc_ltc_usdt,rf_75_feat_hyper,"{'max_depth': 12, 'max_features': 'auto', 'n_estimators': 100}",0.8665232438499673,0.22,0.11,0.12086757118287789,0,63,63,0.0,0.8791324288171221,0.28,0.0,0.9828028199102756,0.09077809798270893,0.0,0.928081500907807,0.13710554951033732
bitfinex_hitbtc_ltc_usdt_rf_75_feat_hyper_auto_12_150,bitfinex_hitbtc_ltc_usdt,rf_75_feat_hyper,"{'max_depth': 12, 'max_features': 'auto', 'n_estimators': 150}",0.873070807221027,0.42,0.49,0.11811850014311612,0,91,91,0.0,0.8818814998568839,0.43333333333333335,0.0,0.9872890408032472,0.13112391930835735,0.0,0.9316131633321575,0.2013274336283186
bitfinex_hitbtc_ltc_usdt_rf_75_feat_hyper_11_12_100,bitfinex_hitbtc_ltc_usdt,rf_75_feat_hyper,"{'max_depth': 12, 'max_features': 11, 'n_estimators': 100}",0.8309793284070713,0.22,0.12,0.09313092161929372,8,453,461,0.8888888888888888,0.9068690783807063,0.3249641319942611,0.012598425196850394,0.8997009186071352,0.6527377521613833,0.024844720496894408,0.9032707774798928,0.4339080459770115
bitfinex_hitbtc_ltc_usdt_rf_75_feat_hyper_11_12_150,bitfinex_hitbtc_ltc_usdt,rf_75_feat_hyper,"{'max_depth': 12, 'max_features': 11, 'n_estimators': 150}",0.7083528201290805,0.01,-0.13,0.09511468187119347,19,571,590,0.76,0.9048853181288066,0.1936249576127501,0.029921259842519685,0.7458876308481094,0.8227665706051873,0.05757575757575758,0.8177293752561624,0.3134779028273401
bitfinex_hitbtc_ltc_usdt_rf_75_feat_hyper_13_12_100,bitfinex_hitbtc_ltc_usdt,rf_75_feat_hyper,"{'max_depth': 12, 'max_features': 13, 'n_estimators': 100}",0.8610045832943597,0.25,0.1,0.1172869497619279,0,121,121,0.0,0.8827130502380721,0.30402010050251255,0.0,0.9703054902798547,0.17435158501440923,0.0,0.9244390169439779,0.2216117216117216
bitfinex_hitbtc_ltc_usdt_rf_75_feat_hyper_13_12_150,bitfinex_hitbtc_ltc_usdt,rf_75_feat_hyper,"{'max_depth': 12, 'max_features': 13, 'n_estimators': 150}",0.8478159199326536,0.22,0.11,0.10919191919191919,0,245,245,0.0,0.8908080808080808,0.31091370558375636,0.0,0.9419995727408673,0.3530259365994236,0.0,0.9156889211919842,0.330634278002699
bitfinex_hitbtc_ltc_usdt_rf_75_feat_hyper_auto_15_100,bitfinex_hitbtc_ltc_usdt,rf_75_feat_hyper,"{'max_depth': 15, 'max_features': 'auto', 'n_estimators': 100}",0.8406136002244878,0.18,0.1,0.10603723130720971,0,295,295,0.0,0.8939627686927903,0.3050672182006205,0.0,0.9284340952787866,0.4250720461095101,0.0,0.910872412889704,0.3552077062010837
bitfinex_hitbtc_ltc_usdt_rf_75_feat_hyper_auto_15_150,bitfinex_hitbtc_ltc_usdt,rf_75_feat_hyper,"{'max_depth': 15, 'max_features': 'auto', 'n_estimators': 150}",0.8593209241418015,0.17,0.14,0.11424084797330454,0,162,162,0.0,0.8857591520266954,0.32270916334661354,0.0,0.9640034180730613,0.2334293948126801,0.0,0.9232264334305149,0.27090301003344475
bitfinex_hitbtc_ltc_usdt_rf_75_feat_hyper_11_15_100,bitfinex_hitbtc_ltc_usdt,rf_75_feat_hyper,"{'max_depth': 15, 'max_features': 11, 'n_estimators': 100}",0.6448414554298008,-0.07,-0.21,0.10542723536913702,3,578,581,0.6,0.894572764630863,0.1592725268669055,0.004724409448818898,0.674321726126896,0.8328530259365994,0.009375,0.7689871490346549,0.26740689336109186
bitfinex_hitbtc_ltc_usdt_rf_75_feat_hyper_11_15_150,bitfinex_hitbtc_ltc_usdt,rf_75_feat_hyper,"{'max_depth': 15, 'max_features': 11, 'n_estimators': 150}",0.5186605556075203,-0.13,-0.24,0.11790235081374321,10,657,667,0.7142857142857143,0.8820976491862568,0.12764717311054982,0.015748031496062992,0.5210425122837,0.946685878962536,0.030816640986132512,0.6551168412570507,0.2249614791987673
bitfinex_hitbtc_ltc_usdt_rf_75_feat_hyper_13_15_100,bitfinex_hitbtc_ltc_usdt,rf_75_feat_hyper,"{'max_depth': 15, 'max_features': 13, 'n_estimators': 100}",0.7542793003460855,-0.2,-0.33,0.12923822104799648,1,153,154,0.5,0.8707617789520036,0.09532710280373832,0.0015748031496062992,0.8449049348429822,0.22046109510086456,0.003139717425431711,0.8576385124146156,0.13310134841235322
bitfinex_hitbtc_ltc_usdt_rf_75_feat_hyper_13_15_150,bitfinex_hitbtc_ltc_usdt,rf_75_feat_hyper,"{'max_depth': 15, 'max_features': 13, 'n_estimators': 150}",0.8109624918155458,0.03,-0.14,0.11495699601426473,2,230,232,1.0,0.8850430039857352,0.19913419913419914,0.0031496062992125984,0.9013031403546251,0.3314121037463977,0.006279434850863422,0.8930990685859441,0.24878312601406166
bitfinex_hitbtc_ltc_usdt_rf_75_feat_hyper_auto_17_100,bitfinex_hitbtc_ltc_usdt,rf_75_feat_hyper,"{'max_depth': 17, 'max_features': 'auto', 'n_estimators': 100}",0.8604433635768404,0.0,-0.12,0.12272291466922339,0,49,49,0.0,0.8772770853307766,0.18773946360153257,0.0,0.9773552659688101,0.07060518731988473,0.0,0.9246160064672594,0.10261780104712043
bitfinex_hitbtc_ltc_usdt_rf_75_feat_hyper_auto_17_150,bitfinex_hitbtc_ltc_usdt,rf_75_feat_hyper,"{'max_depth': 17, 'max_features': 'auto', 'n_estimators': 150}",0.8791506874941539,0.64,0.67,0.11379079337735669,0,139,139,0.0,0.8862092066226434,0.5743801652892562,0.0,0.989104892117069,0.20028818443804033,0.0,0.9348341830296301,0.297008547008547
bitfinex_hitbtc_ltc_usdt_rf_75_feat_hyper_11_17_100,bitfinex_hitbtc_ltc_usdt,rf_75_feat_hyper,"{'max_depth': 17, 'max_features': 11, 'n_estimators': 100}",0.6543821906276307,-0.08,-0.21,0.10828729281767956,7,533,540,0.4375,0.8917127071823204,0.1551673944687045,0.011023622047244094,0.6895962401196326,0.7680115273775217,0.02150537634408602,0.7777376219732562,0.2581738919835311
bitfinex_hitbtc_ltc_usdt_rf_75_feat_hyper_11_17_150,bitfinex_hitbtc_ltc_usdt,rf_75_feat_hyper,"{'max_depth': 17, 'max_features': 11, 'n_estimators': 150}",0.44345711345991956,-0.17,-0.28,0.13679544015199493,14,638,652,0.3783783783783784,0.863204559848005,0.10782491127260437,0.02204724409448819,0.43676564836573384,0.9193083573487032,0.041666666666666664,0.5800411376693383,0.19301164725457573
bitfinex_hitbtc_ltc_usdt_rf_75_feat_hyper_13_17_100,bitfinex_hitbtc_ltc_usdt,rf_75_feat_hyper,"{'max_depth': 17, 'max_features': 13, 'n_estimators': 100}",0.8320082312225237,0.03,-0.09,0.1184595221292469,0,151,151,0.0,0.8815404778707531,0.1955958549222798,0.0,0.9339884640034181,0.21757925072046108,0.0,0.9070068979824698,0.20600272851296045
bitfinex_hitbtc_ltc_usdt_rf_75_feat_hyper_13_17_150,bitfinex_hitbtc_ltc_usdt,rf_75_feat_hyper,"{'max_depth': 17, 'max_features': 13, 'n_estimators': 150}",0.821532129828828,0.12,0.01,0.10945846862888865,0,281,281,0.0,0.8905415313711114,0.24562937062937062,0.0,0.9081392864772484,0.4048991354466859,0.0,0.899254323338093,0.3057671381936888
bitfinex_hitbtc_ltc_usdt_rf_75_feat_hyper_auto_19_100,bitfinex_hitbtc_ltc_usdt,rf_75_feat_hyper,"{'max_depth': 19, 'max_features': 'auto', 'n_estimators': 100}",0.8739126367973061,0.08,0.37,0.12304797742238946,0,21,21,0.0,0.8769520225776105,0.3442622950819672,0.0,0.9957274086733604,0.03025936599423631,0.0,0.9325730292116846,0.05562913907284769
bitfinex_hitbtc_ltc_usdt_rf_75_feat_hyper_auto_19_150,bitfinex_hitbtc_ltc_usdt,rf_75_feat_hyper,"{'max_depth': 19, 'max_features': 'auto', 'n_estimators': 150}",0.875035076232345,0.5,0.58,0.1201249526694434,0,60,60,0.0,0.8798750473305567,0.47244094488188976,0.0,0.9928434095278786,0.08645533141210375,0.0,0.9329519221118137,0.146163215590743
bitfinex_hitbtc_ltc_usdt_rf_75_feat_hyper_11_19_100,bitfinex_hitbtc_ltc_usdt,rf_75_feat_hyper,"{'max_depth': 19, 'max_features': 11, 'n_estimators': 100}",0.6885230567767281,-0.07,-0.22,0.11115404430705822,1,459,460,0.07142857142857142,0.8888459556929418,0.15756951596292482,0.0015748031496062992,0.7371288186284982,0.6613832853025937,0.0030816640986132513,0.8059091439915916,0.2545051289159967
bitfinex_hitbtc_ltc_usdt_rf_75_feat_hyper_11_19_150,bitfinex_hitbtc_ltc_usdt,rf_75_feat_hyper,"{'max_depth': 19, 'max_features': 11, 'n_estimators': 150}",0.5725376484893836,-0.11,-0.24,0.1162641931872701,0,595,595,0.0,0.8837358068127299,0.13434183788665613,0.0,0.5902584917752617,0.8573487031700289,0.0,0.7077809798270893,0.23228577005660744
bitfinex_hitbtc_ltc_usdt_rf_75_feat_hyper_13_19_100,bitfinex_hitbtc_ltc_usdt,rf_75_feat_hyper,"{'max_depth': 19, 'max_features': 13, 'n_estimators': 100}",0.7737349172200917,-0.08,-0.22,0.11601415616014156,1,278,279,0.16666666666666666,0.8839858438398585,0.16920267802799757,0.0015748031496062992,0.8537705618457595,0.40057636887608067,0.0031201248049921994,0.8686155183655726,0.23791185280273858
bitfinex_hitbtc_ltc_usdt_rf_75_feat_hyper_13_19_150,bitfinex_hitbtc_ltc_usdt,rf_75_feat_hyper,"{'max_depth': 19, 'max_features': 13, 'n_estimators': 150}",0.6845945187540923,-0.14,-0.27,0.1242002258185924,1,337,338,1.0,0.8757997741814076,0.12394262596542846,0.0015748031496062992,0.7456740012817774,0.48559077809798273,0.003144654088050314,0.8055154906825132,0.19748022267799592
bitfinex_hitbtc_ltc_usdt_rf_75_feat_hyper_auto_21_100,bitfinex_hitbtc_ltc_usdt,rf_75_feat_hyper,"{'max_depth': 21, 'max_features': 'auto', 'n_estimators': 100}",0.8669909269479001,-0.02,-0.02,0.124124218897936,0,18,18,0.0,0.875875781102064,0.13953488372093023,0.0,0.9881435590685751,0.025936599423631124,0.0,0.9286287893997189,0.04374240583232078
bitfinex_hitbtc_ltc_usdt_rf_75_feat_hyper_auto_21_150,bitfinex_hitbtc_ltc_usdt,rf_75_feat_hyper,"{'max_depth': 21, 'max_features': 'auto', 'n_estimators': 150}",0.868955195959218,0.31,0.28,0.1202175364946093,0,69,69,0.0,0.8797824635053907,0.32857142857142857,0.0,0.9849391155735954,0.0994236311239193,0.0,0.9293957566900167,0.15265486725663716
bitfinex_hitbtc_ltc_usdt_rf_75_feat_hyper_11_21_100,bitfinex_hitbtc_ltc_usdt,rf_75_feat_hyper,"{'max_depth': 21, 'max_features': 11, 'n_estimators': 100}",0.7149003835001403,-0.05,-0.18,0.10522369407648088,28,455,483,0.4745762711864407,0.8947763059235191,0.17300380228136883,0.04409448818897638,0.7647938474684897,0.6556195965417867,0.08069164265129683,0.8246947707901405,0.27376654632972325
bitfinex_hitbtc_ltc_usdt_rf_75_feat_hyper_11_21_150,bitfinex_hitbtc_ltc_usdt,rf_75_feat_hyper,"{'max_depth': 21, 'max_features': 11, 'n_estimators': 150}",0.5656159386399775,-0.13,-0.25,0.11695244257521838,38,550,588,0.59375,0.8830475574247816,0.12373453318335208,0.05984251968503937,0.5831019013031403,0.792507204610951,0.10872675250357654,0.7023932063818836,0.21404942595835766
bitfinex_hitbtc_ltc_usdt_rf_75_feat_hyper_13_21_100,bitfinex_hitbtc_ltc_usdt,rf_75_feat_hyper,"{'max_depth': 21, 'max_features': 13, 'n_estimators': 100}",0.791413338321953,-0.1,-0.23,0.1215786123488224,0,181,181,0.0,0.8784213876511776,0.14353687549563837,0.0,0.8844264046143986,0.260806916426513,0.0,0.8814136682989142,0.18516624040920715
bitfinex_hitbtc_ltc_usdt_rf_75_feat_hyper_13_21_150,bitfinex_hitbtc_ltc_usdt,rf_75_feat_hyper,"{'max_depth': 21, 'max_features': 13, 'n_estimators': 150}",0.7906650453652605,0.0,-0.15,0.1140474385356872,0,273,273,0.0,0.8859525614643128,0.18788713007570543,0.0,0.8737449262977997,0.39337175792507206,0.0,0.8798063995697768,0.2543083372147182
bitfinex_hitbtc_ltc_usdt_rf_75_feat_hyper_auto_25_100,bitfinex_hitbtc_ltc_usdt,rf_75_feat_hyper,"{'max_depth': 25, 'max_features': 'auto', 'n_estimators': 100}",0.863342998784024,-0.08,-0.09,0.12365437744117366,0,31,31,0.0,0.8763456225588263,0.16062176165803108,0.0,0.9825891903439437,0.0446685878962536,0.0,0.9264313409537237,0.06989853438556932
bitfinex_hitbtc_ltc_usdt_rf_75_feat_hyper_auto_25_150,bitfinex_hitbtc_ltc_usdt,rf_75_feat_hyper,"{'max_depth': 25, 'max_features': 'auto', 'n_estimators': 150}",0.8667103170891404,0.14,0.04,0.12142312094620374,0,55,55,0.0,0.8785768790537962,0.2669902912621359,0.0,0.9838709677419355,0.0792507204610951,0.0,0.9282475057946186,0.12222222222222223
bitfinex_hitbtc_ltc_usdt_rf_75_feat_hyper_11_25_100,bitfinex_hitbtc_ltc_usdt,rf_75_feat_hyper,"{'max_depth': 25, 'max_features': 11, 'n_estimators': 100}",0.7355719764287718,0.01,-0.11,0.09869874785170636,4,518,522,0.26666666666666666,0.9013012521482936,0.20474308300395258,0.006299212598425197,0.7842341380046999,0.7463976945244957,0.012307692307692306,0.8387023075165638,0.3213399503722084
bitfinex_hitbtc_ltc_usdt_rf_75_feat_hyper_11_25_150,bitfinex_hitbtc_ltc_usdt,rf_75_feat_hyper,"{'max_depth': 25, 'max_features': 11, 'n_estimators': 150}",0.6118230287157422,-0.1,-0.22,0.10820951523337836,8,591,599,0.4,0.8917904847666216,0.1474550898203593,0.012598425196850394,0.6346934415723136,0.8515850144092219,0.024427480916030538,0.7415912636505461,0.2513823904721395
bitfinex_hitbtc_ltc_usdt_rf_75_feat_hyper_13_25_100,bitfinex_hitbtc_ltc_usdt,rf_75_feat_hyper,"{'max_depth': 25, 'max_features': 13, 'n_estimators': 100}",0.8487512861285194,0.18,0.05,0.11569755903949196,0,162,162,0.0,0.884302440960508,0.2647058823529412,0.0,0.9519333475753045,0.2334293948126801,0.0,0.9168724279835391,0.24808575803981622
bitfinex_hitbtc_ltc_usdt_rf_75_feat_hyper_13_25_150,bitfinex_hitbtc_ltc_usdt,rf_75_feat_hyper,"{'max_depth': 25, 'max_features': 13, 'n_estimators': 150}",0.8384622579739969,0.17,0.08,0.10841025641025641,0,271,271,0.0,0.8915897435897436,0.2879914984059511,0.0,0.9285409100619526,0.3904899135446686,0.0,0.9096902469652576,0.3314984709480122
bitfinex_hitbtc_ltc_usdt_rf_75_feat_hyper_auto_35_100,bitfinex_hitbtc_ltc_usdt,rf_75_feat_hyper,"{'max_depth': 35, 'max_features': 'auto', 'n_estimators': 100}",0.8684875128612852,-0.02,0.02,0.12293838862559242,0,32,32,0.0,0.8770616113744076,0.22695035460992907,0.0,0.9883571886349071,0.04610951008645533,0.0,0.9293893129770993,0.07664670658682635
bitfinex_hitbtc_ltc_usdt_rf_75_feat_hyper_auto_35_150,bitfinex_hitbtc_ltc_usdt,rf_75_feat_hyper,"{'max_depth': 35, 'max_features': 'auto', 'n_estimators': 150}",0.8698905621550838,0.28,0.21,0.1187948350071736,0,87,87,0.0,0.8812051649928264,0.3686440677966102,0.0,0.9840845973082675,0.12536023054755044,0.0,0.9298077408285815,0.18709677419354842
bitfinex_hitbtc_ltc_usdt_rf_75_feat_hyper_11_35_100,bitfinex_hitbtc_ltc_usdt,rf_75_feat_hyper,"{'max_depth': 35, 'max_features': 11, 'n_estimators': 100}",0.7383780750163689,0.02,-0.13,0.10193939393939394,3,482,485,0.21428571428571427,0.8980606060606061,0.19859909353110836,0.004724409448818898,0.7913907284768212,0.6945244956772334,0.009244992295839754,0.8413581648875768,0.3088753604613906
bitfinex_hitbtc_ltc_usdt_rf_75_feat_hyper_11_35_150,bitfinex_hitbtc_ltc_usdt,rf_75_feat_hyper,"{'max_depth': 35, 'max_features': 11, 'n_estimators': 150}",0.6041530259096436,-0.09,-0.22,0.11136329247995158,6,580,586,0.35294117647058826,0.8886367075200484,0.14268142681426815,0.009448818897637795,0.6273232215338603,0.8357348703170029,0.018404907975460124,0.7354580176570034,0.24374868669888633
bitfinex_hitbtc_ltc_usdt_rf_75_feat_hyper_13_35_100,bitfinex_hitbtc_ltc_usdt,rf_75_feat_hyper,"{'max_depth': 35, 'max_features': 13, 'n_estimators': 100}",0.7833691890375082,-0.15,-0.29,0.1271957671957672,1,126,127,0.25,0.8728042328042328,0.10185933710590138,0.0015748031496062992,0.881008331553087,0.18155619596541786,0.003129890453834116,0.8768870933446735,0.13050233039875714
bitfinex_hitbtc_ltc_usdt_rf_75_feat_hyper_13_35_150,bitfinex_hitbtc_ltc_usdt,rf_75_feat_hyper,"{'max_depth': 35, 'max_features': 13, 'n_estimators': 150}",0.7295856327752315,-0.06,-0.23,0.12088555698723205,1,294,295,0.25,0.879114443012768,0.13674418604651162,0.0015748031496062992,0.8016449476607562,0.42363112391930835,0.003129890453834116,0.8385943348790434,0.20675105485232068
gemini_bitfinex_ltc_btc_rf_75_feat_hyper_auto_12_100,gemini_bitfinex_ltc_btc,rf_75_feat_hyper,"{'max_depth': 12, 'max_features': 'auto', 'n_estimators': 100}",0.8685434516523868,0.75,0.77,0.13158217748864612,19,2,21,1.0,0.8684178225113539,0.5,0.0405982905982906,0.999717394376148,0.0032,0.07802874743326488,0.9294534944823963,0.006359300476947536
gemini_bitfinex_ltc_btc_rf_75_feat_hyper_auto_12_150,gemini_bitfinex_ltc_btc,rf_75_feat_hyper,"{'max_depth': 12, 'max_features': 'auto', 'n_estimators': 150}",0.8662178702570379,0.34,0.42,0.13297350343473993,9,0,9,1.0,0.8670264965652601,0.0,0.019230769230769232,0.9987282746926663,0.0,0.03773584905660378,0.9282290367062841,0.0
gemini_bitfinex_ltc_btc_rf_75_feat_hyper_11_12_100,gemini_bitfinex_ltc_btc,rf_75_feat_hyper,"{'max_depth': 12, 'max_features': 11, 'n_estimators': 100}",0.8686658506731946,0.34,0.4,0.13011335633316906,19,18,37,0.7307692307692307,0.869886643666831,0.6428571428571429,0.0405982905982906,0.9975978521972587,0.0288,0.07692307692307693,0.929375370236293,0.055130168453292494
gemini_bitfinex_ltc_btc_rf_75_feat_hyper_11_12_150,gemini_bitfinex_ltc_btc,rf_75_feat_hyper,"{'max_depth': 12, 'max_features': 11, 'n_estimators': 150}",0.8637698898408813,-0.04,-0.22,0.1331200787401575,9,2,11,0.5625,0.8668799212598425,0.07692307692307693,0.019230769230769232,0.9956196128302953,0.0032,0.03719008264462809,0.9268003946070371,0.006144393241167436
gemini_bitfinex_ltc_btc_rf_75_feat_hyper_13_12_100,gemini_bitfinex_ltc_btc,rf_75_feat_hyper,"{'max_depth': 12, 'max_features': 13, 'n_estimators': 100}",0.8636474908200734,-0.13,-0.19,0.13412688673456866,0,0,0,0.0,0.8658731132654314,0.0,0.0,0.9970326409495549,0.0,0.0,0.9268356758176803,0.0
gemini_bitfinex_ltc_btc_rf_75_feat_hyper_13_12_150,gemini_bitfinex_ltc_btc,rf_75_feat_hyper,"{'max_depth': 12, 'max_features': 13, 'n_estimators': 150}",0.8630354957160342,-0.06,-0.16,0.13411938098747236,0,1,1,0.0,0.8658806190125277,0.037037037037037035,0.0,0.9961848240779991,0.0016,0.0,0.9264734870885077,0.0030674846625766876
gemini_bitfinex_ltc_btc_rf_75_feat_hyper_auto_15_100,gemini_bitfinex_ltc_btc,rf_75_feat_hyper,"{'max_depth': 15, 'max_features': 'auto', 'n_estimators': 100}",0.8665850673194615,0.35,0.36,0.13238364239223874,0,15,15,0.0,0.8676163576077612,0.5769230769230769,0.0,0.9983043662568886,0.024,0.0,0.9283837056504599,0.046082949308755755
gemini_bitfinex_ltc_btc_rf_75_feat_hyper_auto_15_150,gemini_bitfinex_ltc_btc,rf_75_feat_hyper,"{'max_depth': 15, 'max_features': 'auto', 'n_estimators': 150}",0.8667074663402693,0.34,0.36,0.1320963381666257,1,17,18,1.0,0.8679036618333743,0.5483870967741935,0.002136752136752137,0.9980217606330366,0.0272,0.004264392324093817,0.9284258954978639,0.051829268292682924
gemini_bitfinex_ltc_btc_rf_75_feat_hyper_11_15_100,gemini_bitfinex_ltc_btc,rf_75_feat_hyper,"{'max_depth': 15, 'max_features': 11, 'n_estimators': 100}",0.8626682986536107,-0.06,-0.17,0.13407889885707264,0,2,2,0.0,0.8659211011429274,0.06060606060606061,0.0,0.9956196128302953,0.0032,0.0,0.9262521361903511,0.006079027355623101
gemini_bitfinex_ltc_btc_rf_75_feat_hyper_11_15_150,gemini_bitfinex_ltc_btc,rf_75_feat_hyper,"{'max_depth': 15, 'max_features': 11, 'n_estimators': 150}",0.8619339045287637,-0.11,-0.19,0.1341778379043168,0,2,2,0.0,0.8658221620956832,0.05128205128205128,0.0,0.9947717959587395,0.0032,0.0,0.925828511309837,0.006024096385542168
gemini_bitfinex_ltc_btc_rf_75_feat_hyper_13_15_100,gemini_bitfinex_ltc_btc,rf_75_feat_hyper,"{'max_depth': 15, 'max_features': 13, 'n_estimators': 100}",0.8611995104039167,-0.17,-0.22,0.1343669250645995,0,1,1,0.0,0.8656330749354005,0.025,0.0,0.9940652818991098,0.0016,0.0,0.9254143646408841,0.0030075187969924814
gemini_bitfinex_ltc_btc_rf_75_feat_hyper_13_15_150,gemini_bitfinex_ltc_btc,rf_75_feat_hyper,"{'max_depth': 15, 'max_features': 13, 'n_estimators': 150}",0.8618115055079559,-0.15,-0.24,0.134374231620359,0,0,0,0.0,0.865625768379641,0.0,0.0,0.9949130987706656,0.0,0.0,0.9257773979357045,0.0
gemini_bitfinex_ltc_btc_rf_75_feat_hyper_auto_17_100,gemini_bitfinex_ltc_btc,rf_75_feat_hyper,"{'max_depth': 17, 'max_features': 'auto', 'n_estimators': 100}",0.8625458996328029,-0.13,-0.22,0.13427518427518428,0,0,0,0.0,0.8657248157248157,0.0,0.0,0.9957609156422212,0.0,0.0,0.9262009594532431,0.0
gemini_bitfinex_ltc_btc_rf_75_feat_hyper_auto_17_150,gemini_bitfinex_ltc_btc,rf_75_feat_hyper,"{'max_depth': 17, 'max_features': 'auto', 'n_estimators': 150}",0.8634026927784578,-0.12,-0.19,0.13398010561218224,0,2,2,0.0,0.8660198943878178,0.07407407407407407,0.0,0.9964674297018511,0.0032,0.0,0.9266754270696452,0.006134969325153375
gemini_bitfinex_ltc_btc_rf_75_feat_hyper_11_17_100,gemini_bitfinex_ltc_btc,rf_75_feat_hyper,"{'max_depth': 17, 'max_features': 11, 'n_estimators': 100}",0.8647490820073439,0.27,0.18,0.13153998025666339,5,22,27,0.5555555555555556,0.8684600197433366,0.38596491228070173,0.010683760683760684,0.9944891903348877,0.0352,0.020964360587002098,0.9272116461366182,0.06451612903225806
gemini_bitfinex_ltc_btc_rf_75_feat_hyper_11_17_150,gemini_bitfinex_ltc_btc,rf_75_feat_hyper,"{'max_depth': 17, 'max_features': 11, 'n_estimators': 150}",0.8627906976744186,0.11,-0.09,0.13252714708785784,4,15,19,0.5714285714285714,0.8674728529121422,0.2542372881355932,0.008547008547008548,0.99335876783948,0.024,0.016842105263157898,0.9261576971214017,0.043859649122807015
gemini_bitfinex_ltc_btc_rf_75_feat_hyper_13_17_100,gemini_bitfinex_ltc_btc,rf_75_feat_hyper,"{'max_depth': 17, 'max_features': 13, 'n_estimators': 100}",0.8651162790697674,-0.0,0.05,0.13239817890980682,5,12,17,0.2777777777777778,0.8676018210901932,0.48,0.010683760683760684,0.9963261268899251,0.0192,0.0205761316872428,0.9275190739279137,0.03692307692307692
gemini_bitfinex_ltc_btc_rf_75_feat_hyper_13_17_150,gemini_bitfinex_ltc_btc,rf_75_feat_hyper,"{'max_depth': 17, 'max_features': 13, 'n_estimators': 150}",0.8664626682986536,0.12,0.35,0.1323095823095823,4,12,16,0.8,0.8676904176904177,0.48,0.008547008547008548,0.9980217606330366,0.0192,0.016913319238900635,0.9283038706709601,0.03692307692307692
gemini_bitfinex_ltc_btc_rf_75_feat_hyper_auto_19_100,gemini_bitfinex_ltc_btc,rf_75_feat_hyper,"{'max_depth': 19, 'max_features': 'auto', 'n_estimators': 100}",0.8636474908200734,-0.05,-0.09,0.13295580450572447,0,13,13,0.0,0.8670441954942755,0.2765957446808511,0.0,0.9951957043945174,0.0208,0.0,0.9267105263157894,0.038690476190476185
gemini_bitfinex_ltc_btc_rf_75_feat_hyper_auto_19_150,gemini_bitfinex_ltc_btc,rf_75_feat_hyper,"{'max_depth': 19, 'max_features': 'auto', 'n_estimators': 150}",0.8640146878824969,0.06,-0.04,0.1329970472440945,1,11,12,1.0,0.8670029527559056,0.2682926829268293,0.002136752136752137,0.9957609156422212,0.0176,0.004264392324093817,0.92693193028609,0.03303303303303304
gemini_bitfinex_ltc_btc_rf_75_feat_hyper_11_19_100,gemini_bitfinex_ltc_btc,rf_75_feat_hyper,"{'max_depth': 19, 'max_features': 11, 'n_estimators': 100}",0.8635250917992656,-0.09,-0.14,0.13378378378378378,1,3,4,1.0,0.8662162162162163,0.10344827586206896,0.002136752136752137,0.9963261268899251,0.0048,0.004264392324093817,0.9267266872576724,0.009174311926605503
gemini_bitfinex_ltc_btc_rf_75_feat_hyper_11_19_150,gemini_bitfinex_ltc_btc,rf_75_feat_hyper,"{'max_depth': 19, 'max_features': 11, 'n_estimators': 150}",0.8620563035495716,-0.07,-0.15,0.13389121338912133,0,5,5,0.0,0.8661087866108786,0.11627906976744186,0.0,0.9944891903348877,0.008,0.0,0.9258698940998487,0.014970059880239523
gemini_bitfinex_ltc_btc_rf_75_feat_hyper_13_19_100,gemini_bitfinex_ltc_btc,rf_75_feat_hyper,"{'max_depth': 19, 'max_features': 13, 'n_estimators': 100}",0.8647490820073439,-0.03,-0.01,0.13334970530451867,4,3,7,0.5714285714285714,0.8666502946954814,0.15789473684210525,0.008547008547008548,0.9973152465734069,0.0048,0.016842105263157898,0.9274029301622758,0.009316770186335404
gemini_bitfinex_ltc_btc_rf_75_feat_hyper_13_19_150,gemini_bitfinex_ltc_btc,rf_75_feat_hyper,"{'max_depth': 19, 'max_features': 13, 'n_estimators': 150}",0.8656058751529988,0.09,0.12,0.13296500920810314,4,6,10,0.6666666666666666,0.8670349907918968,0.3157894736842105,0.008547008547008548,0.9978804578211107,0.0096,0.01687763713080169,0.9278675601103666,0.018633540372670808
gemini_bitfinex_ltc_btc_rf_75_feat_hyper_auto_21_100,gemini_bitfinex_ltc_btc,rf_75_feat_hyper,"{'max_depth': 21, 'max_features': 'auto', 'n_estimators': 100}",0.8654834761321909,0.3,0.11,0.13271073973949374,10,3,13,1.0,0.8672892602605062,0.13636363636363635,0.021367521367521368,0.9973152465734069,0.0048,0.041841004184100423,0.9277686493591851,0.00927357032457496
gemini_bitfinex_ltc_btc_rf_75_feat_hyper_auto_21_150,gemini_bitfinex_ltc_btc,rf_75_feat_hyper,"{'max_depth': 21, 'max_features': 'auto', 'n_estimators': 150}",0.8641370869033048,0.17,0.1,0.132890365448505,0,13,13,0.0,0.867109634551495,0.3023255813953488,0.0,0.9957609156422212,0.0208,0.0,0.9269928966061561,0.038922155688622756
gemini_bitfinex_ltc_btc_rf_75_feat_hyper_11_21_100,gemini_bitfinex_ltc_btc,rf_75_feat_hyper,"{'max_depth': 21, 'max_features': 11, 'n_estimators': 100}",0.8640146878824969,0.0,0.05,0.13290671917302485,6,7,13,0.75,0.8670932808269751,0.19444444444444445,0.01282051282051282,0.9956196128302953,0.0112,0.02521008403361345,0.9269223179635597,0.02118003025718608
gemini_bitfinex_ltc_btc_rf_75_feat_hyper_11_21_150,gemini_bitfinex_ltc_btc,rf_75_feat_hyper,"{'max_depth': 21, 'max_features': 11, 'n_estimators': 150}",0.8632802937576499,0.09,0.04,0.13273354695587872,3,13,16,0.75,0.8672664530441213,0.25,0.00641025641025641,0.9943478875229617,0.0208,0.012711864406779662,0.9264696201698374,0.03840472673559823
gemini_bitfinex_ltc_btc_rf_75_feat_hyper_13_21_100,gemini_bitfinex_ltc_btc,rf_75_feat_hyper,"{'max_depth': 21, 'max_features': 13, 'n_estimators': 100}",0.8635250917992656,-0.13,-0.2,0.13369378225608258,0,5,5,0.0,0.8663062177439175,0.16666666666666666,0.0,0.9961848240779991,0.008,0.0,0.9267170555372989,0.015267175572519083
gemini_bitfinex_ltc_btc_rf_75_feat_hyper_13_21_150,gemini_bitfinex_ltc_btc,rf_75_feat_hyper,"{'max_depth': 21, 'max_features': 13, 'n_estimators': 150}",0.8638922888616891,-0.24,-0.19,0.13400417229107867,0,1,1,0.0,0.8659958277089214,0.047619047619047616,0.0,0.9971739437614808,0.0016,0.0,0.926967030080126,0.0030959752321981426
gemini_bitfinex_ltc_btc_rf_75_feat_hyper_auto_25_100,gemini_bitfinex_ltc_btc,rf_75_feat_hyper,"{'max_depth': 25, 'max_features': 'auto', 'n_estimators': 100}",0.8638922888616891,0.1,-0.1,0.13355449072367612,4,2,6,1.0,0.8664455092763239,0.07407407407407407,0.008547008547008548,0.9964674297018511,0.0032,0.016949152542372885,0.9269190325972662,0.006134969325153375
gemini_bitfinex_ltc_btc_rf_75_feat_hyper_auto_25_150,gemini_bitfinex_ltc_btc,rf_75_feat_hyper,"{'max_depth': 25, 'max_features': 'auto', 'n_estimators': 150}",0.8618115055079559,-0.17,-0.21,0.134374231620359,0,0,0,0.0,0.865625768379641,0.0,0.0,0.9949130987706656,0.0,0.0,0.9257773979357045,0.0
gemini_bitfinex_ltc_btc_rf_75_feat_hyper_11_25_100,gemini_bitfinex_ltc_btc,rf_75_feat_hyper,"{'max_depth': 25, 'max_features': 11, 'n_estimators': 100}",0.8629130966952264,0.09,0.05,0.13323482329762346,0,11,11,0.0,0.8667651767023765,0.22448979591836735,0.0,0.9946304931468136,0.0176,0.0,0.9263060929069614,0.032640949554896145
gemini_bitfinex_ltc_btc_rf_75_feat_hyper_11_25_150,gemini_bitfinex_ltc_btc,rf_75_feat_hyper,"{'max_depth': 25, 'max_features': 11, 'n_estimators': 150}",0.8623011015911872,-0.03,-0.17,0.13385826771653545,0,5,5,0.0,0.8661417322834646,0.11904761904761904,0.0,0.9947717959587395,0.008,0.0,0.9260111805327194,0.014992503748125937
gemini_bitfinex_ltc_btc_rf_75_feat_hyper_13_25_100,gemini_bitfinex_ltc_btc,rf_75_feat_hyper,"{'max_depth': 25, 'max_features': 13, 'n_estimators': 100}",0.8634026927784578,0.06,0.04,0.13362015980331898,2,4,6,0.2857142857142857,0.866379840196681,0.14285714285714285,0.004273504273504274,0.9959022184541473,0.0064,0.008421052631578949,0.9266368656323956,0.01225114854517611
gemini_bitfinex_ltc_btc_rf_75_feat_hyper_13_25_150,gemini_bitfinex_ltc_btc,rf_75_feat_hyper,"{'max_depth': 25, 'max_features': 13, 'n_estimators': 150}",0.8630354957160342,-0.02,-0.09,0.13285679073206802,2,13,15,0.5,0.867143209267932,0.25,0.004273504273504274,0.9942065847110357,0.0208,0.008474576271186442,0.9263379632677243,0.03840472673559823
gemini_bitfinex_ltc_btc_rf_75_feat_hyper_auto_35_100,gemini_bitfinex_ltc_btc,rf_75_feat_hyper,"{'max_depth': 35, 'max_features': 'auto', 'n_estimators': 100}",0.8659730722154223,0.33,0.22,0.13273575638506876,12,0,12,1.0,0.8672642436149313,0.0,0.02564102564102564,0.9980217606330366,0.0,0.05,0.9280599172196308,0.0
gemini_bitfinex_ltc_btc_rf_75_feat_hyper_auto_35_150,gemini_bitfinex_ltc_btc,rf_75_feat_hyper,"{'max_depth': 35, 'max_features': 'auto', 'n_estimators': 150}",0.8641370869033048,0.01,-0.09,0.13370165745856355,4,0,4,1.0,0.8662983425414365,0.0,0.008547008547008548,0.9970326409495549,0.0,0.016949152542372885,0.9270792274339772,0.0
gemini_bitfinex_ltc_btc_rf_75_feat_hyper_11_35_100,gemini_bitfinex_ltc_btc,rf_75_feat_hyper,"{'max_depth': 35, 'max_features': 11, 'n_estimators': 100}",0.8623011015911872,-0.17,-0.27,0.1343081838289506,0,0,0,0.0,0.8656918161710494,0.0,0.0,0.9954783100183694,0.0,0.0,0.9260598093986198,0.0
gemini_bitfinex_ltc_btc_rf_75_feat_hyper_11_35_150,gemini_bitfinex_ltc_btc,rf_75_feat_hyper,"{'max_depth': 35, 'max_features': 11, 'n_estimators': 150}",0.8625458996328029,-0.25,-0.32,0.13427518427518428,0,0,0,0.0,0.8657248157248157,0.0,0.0,0.9957609156422212,0.0,0.0,0.9262009594532431,0.0
gemini_bitfinex_ltc_btc_rf_75_feat_hyper_13_35_100,gemini_bitfinex_ltc_btc,rf_75_feat_hyper,"{'max_depth': 35, 'max_features': 13, 'n_estimators': 100}",0.8640146878824969,0.16,0.1,0.1325449618132545,3,14,17,0.42857142857142855,0.8674550381867455,0.3111111111111111,0.00641025641025641,0.9950544015825915,0.0224,0.01263157894736842,0.9268838433695293,0.041791044776119404
gemini_bitfinex_ltc_btc_rf_75_feat_hyper_13_35_150,gemini_bitfinex_ltc_btc,rf_75_feat_hyper,"{'max_depth': 35, 'max_features': 13, 'n_estimators': 150}",0.8621787025703794,-0.01,-0.1,0.13342367869902674,3,7,10,0.5,0.8665763213009733,0.14893617021276595,0.00641025641025641,0.9939239790871839,0.0112,0.012658227848101266,0.925891799394498,0.020833333333333332
gemini_hitbtc_ltc_btc_rf_75_feat_hyper_auto_12_100,gemini_hitbtc_ltc_btc,rf_75_feat_hyper,"{'max_depth': 12, 'max_features': 'auto', 'n_estimators': 100}",0.8675642594859241,0.3,0.49,0.12829721362229102,48,1,49,0.9795918367346939,0.8717027863777089,0.021739130434782608,0.10020876826722339,0.9935074100211715,0.0016501650165016502,0.1818181818181818,0.9286279683377309,0.003067484662576687
gemini_hitbtc_ltc_btc_rf_75_feat_hyper_auto_12_150,gemini_hitbtc_ltc_btc,rf_75_feat_hyper,"{'max_depth': 12, 'max_features': 'auto', 'n_estimators': 150}",0.8662178702570379,0.28,0.41,0.12810327706057598,51,2,53,0.9107142857142857,0.871896722939424,0.034482758620689655,0.10647181628392484,0.9913902611150318,0.0033003300330033004,0.19065420560747665,0.9278119014596131,0.006024096385542169
gemini_hitbtc_ltc_btc_rf_75_feat_hyper_11_12_100,gemini_hitbtc_ltc_btc,rf_75_feat_hyper,"{'max_depth': 12, 'max_features': 11, 'n_estimators': 100}",0.8625458996328029,0.18,0.1,0.12941322725012433,35,9,44,0.9459459459459459,0.8705867727498757,0.10112359550561797,0.07306889352818371,0.9884262526464361,0.01485148514851485,0.13565891472868216,0.9257716967413577,0.025899280575539568
gemini_hitbtc_ltc_btc_rf_75_feat_hyper_11_12_150,gemini_hitbtc_ltc_btc,rf_75_feat_hyper,"{'max_depth': 12, 'max_features': 11, 'n_estimators': 150}",0.8604651162790697,0.12,0.0,0.13106615365520666,20,9,29,0.9523809523809523,0.8689338463447933,0.09782608695652174,0.04175365344467641,0.9881439661256175,0.01485148514851485,0.08,0.9247127195879011,0.025787965616045846
gemini_hitbtc_ltc_btc_rf_75_feat_hyper_13_12_100,gemini_hitbtc_ltc_btc,rf_75_feat_hyper,"{'max_depth': 12, 'max_features': 13, 'n_estimators': 100}",0.8614443084455324,0.05,-0.18,0.13029437336976774,31,5,36,0.7380952380952381,0.8697056266302323,0.06493506493506493,0.06471816283924843,0.9882851093860269,0.00825082508250825,0.11900191938579653,0.9252114164904863,0.014641288433382135
gemini_hitbtc_ltc_btc_rf_75_feat_hyper_13_12_150,gemini_hitbtc_ltc_btc,rf_75_feat_hyper,"{'max_depth': 12, 'max_features': 13, 'n_estimators': 150}",0.8623011015911872,0.06,-0.17,0.12962962962962962,41,1,42,0.7884615384615384,0.8703703703703703,0.013888888888888888,0.08559498956158663,0.9884262526464361,0.0016501650165016502,0.1544256120527307,0.9256493291917256,0.0029498525073746317
gemini_hitbtc_ltc_btc_rf_75_feat_hyper_auto_15_100,gemini_hitbtc_ltc_btc,rf_75_feat_hyper,"{'max_depth': 15, 'max_features': 'auto', 'n_estimators': 100}",0.8619339045287637,0.08,-0.03,0.13096270598438856,27,1,28,0.9642857142857143,0.8690372940156115,0.014084507042253521,0.05636743215031315,0.9899788285109387,0.0016501650165016502,0.10650887573964497,0.9255740300870942,0.0029542097488921715
gemini_hitbtc_ltc_btc_rf_75_feat_hyper_auto_15_150,gemini_hitbtc_ltc_btc,rf_75_feat_hyper,"{'max_depth': 15, 'max_features': 'auto', 'n_estimators': 150}",0.8611995104039167,0.11,-0.06,0.13115160530556588,25,2,27,1.0,0.8688483946944341,0.02564102564102564,0.05219206680584551,0.989273112208892,0.0033003300330033004,0.0992063492063492,0.9251583949313622,0.0058479532163742695
gemini_hitbtc_ltc_btc_rf_75_feat_hyper_11_15_100,gemini_hitbtc_ltc_btc,rf_75_feat_hyper,"{'max_depth': 15, 'max_features': 11, 'n_estimators': 100}",0.8616891064871481,-0.06,-0.16,0.13218035824583077,15,0,15,1.0,0.8678196417541693,0.0,0.031315240083507306,0.9915314043754411,0.0,0.06072874493927126,0.9255599472990778,0.0
gemini_hitbtc_ltc_btc_rf_75_feat_hyper_11_15_150,gemini_hitbtc_ltc_btc,rf_75_feat_hyper,"{'max_depth': 15, 'max_features': 11, 'n_estimators': 150}",0.8611995104039167,0.08,-0.03,0.1310601363918165,20,8,28,0.9523809523809523,0.8689398636081835,0.09523809523809523,0.04175365344467641,0.9891319689484828,0.013201320132013201,0.08,0.9251485148514852,0.023188405797101453
gemini_hitbtc_ltc_btc_rf_75_feat_hyper_13_15_100,gemini_hitbtc_ltc_btc,rf_75_feat_hyper,"{'max_depth': 15, 'max_features': 13, 'n_estimators': 100}",0.8641370869033048,0.11,0.07,0.12763305496696997,52,9,61,0.8125,0.87236694503303,0.10843373493975904,0.10855949895615867,0.9878616796047989,0.01485148514851485,0.19152854511970535,0.9265289912629071,0.026124818577648767
gemini_hitbtc_ltc_btc_rf_75_feat_hyper_13_15_150,gemini_hitbtc_ltc_btc,rf_75_feat_hyper,"{'max_depth': 15, 'max_features': 13, 'n_estimators': 150}",0.8605875152998776,-0.01,-0.15,0.13077496274217584,29,3,32,0.7073170731707317,0.8692250372578242,0.03896103896103896,0.060542797494780795,0.9878616796047989,0.0049504950495049506,0.11153846153846154,0.9247539142498513,0.008784773060029283
gemini_hitbtc_ltc_btc_rf_75_feat_hyper_auto_17_100,gemini_hitbtc_ltc_btc,rf_75_feat_hyper,"{'max_depth': 17, 'max_features': 'auto', 'n_estimators': 100}",0.8607099143206854,-0.13,-0.29,0.13367007515091783,0,0,0,0.0,0.8663299248490822,0.0,0.0,0.9925194071983063,0.0,0.0,0.9251414287593739,0.0
gemini_hitbtc_ltc_btc_rf_75_feat_hyper_auto_17_150,gemini_hitbtc_ltc_btc,rf_75_feat_hyper,"{'max_depth': 17, 'max_features': 'auto', 'n_estimators': 150}",0.8600979192166462,-0.04,-0.13,0.13248391885205343,0,14,14,0.0,0.8675160811479465,0.16666666666666666,0.0,0.9898376852505293,0.0231023102310231,0.0,0.9246489551058079,0.04057971014492753
gemini_hitbtc_ltc_btc_rf_75_feat_hyper_11_17_100,gemini_hitbtc_ltc_btc,rf_75_feat_hyper,"{'max_depth': 17, 'max_features': 11, 'n_estimators': 100}",0.8575275397796818,-0.14,-0.26,0.13346539556766127,7,0,7,0.4666666666666667,0.8665346044323388,0.0,0.014613778705636743,0.9878616796047989,0.0,0.02834008097165992,0.9232291254451919,0.0
gemini_hitbtc_ltc_btc_rf_75_feat_hyper_11_17_150,gemini_hitbtc_ltc_btc,rf_75_feat_hyper,"{'max_depth': 17, 'max_features': 11, 'n_estimators': 150}",0.8575275397796818,-0.11,-0.23,0.1337374737102561,4,0,4,0.5,0.8662625262897439,0.0,0.008350730688935281,0.9882851093860269,0.0,0.016427104722792605,0.923259493670886,0.0
gemini_hitbtc_ltc_btc_rf_75_feat_hyper_13_17_100,gemini_hitbtc_ltc_btc,rf_75_feat_hyper,"{'max_depth': 17, 'max_features': 13, 'n_estimators': 100}",0.8583843329253366,-0.1,-0.21,0.1324404761904762,15,2,17,0.5357142857142857,0.8675595238095238,0.02564102564102564,0.031315240083507306,0.987438249823571,0.0033003300330033004,0.0591715976331361,0.9236253218034194,0.0058479532163742695
gemini_hitbtc_ltc_btc_rf_75_feat_hyper_13_17_150,gemini_hitbtc_ltc_btc,rf_75_feat_hyper,"{'max_depth': 17, 'max_features': 13, 'n_estimators': 150}",0.8580171358629131,-0.06,-0.18,0.13358070500927643,3,2,5,0.75,0.8664192949907236,0.024691358024691357,0.006263048016701462,0.9887085391672548,0.0033003300330033004,0.012422360248447208,0.923533289386948,0.005822416302765649
gemini_hitbtc_ltc_btc_rf_75_feat_hyper_auto_19_100,gemini_hitbtc_ltc_btc,rf_75_feat_hyper,"{'max_depth': 19, 'max_features': 'auto', 'n_estimators': 100}",0.8626682986536107,0.16,0.04,0.13123067408781694,11,13,24,0.9166666666666666,0.868769325912183,0.1780821917808219,0.022964509394572025,0.9913902611150318,0.02145214521452145,0.04480651731160896,0.9260382333553066,0.038291605301914576
gemini_hitbtc_ltc_btc_rf_75_feat_hyper_auto_19_150,gemini_hitbtc_ltc_btc,rf_75_feat_hyper,"{'max_depth': 19, 'max_features': 'auto', 'n_estimators': 150}",0.8648714810281518,0.25,0.26,0.1295676947850861,20,19,39,1.0,0.8704323052149139,0.24675324675324675,0.04175365344467641,0.9918136908962597,0.03135313531353135,0.08016032064128256,0.9271671724501912,0.05563689604685212
gemini_hitbtc_ltc_btc_rf_75_feat_hyper_11_19_100,gemini_hitbtc_ltc_btc,rf_75_feat_hyper,"{'max_depth': 19, 'max_features': 11, 'n_estimators': 100}",0.8610771113831089,-0.0,-0.17,0.1323529411764706,14,0,14,0.9333333333333333,0.8676470588235294,0.0,0.029227557411273485,0.9909668313338038,0.0,0.05668016194331984,0.9252157870461883,0.0
gemini_hitbtc_ltc_btc_rf_75_feat_hyper_11_19_150,gemini_hitbtc_ltc_btc,rf_75_feat_hyper,"{'max_depth': 19, 'max_features': 11, 'n_estimators': 150}",0.8614443084455324,0.04,-0.13,0.13221302360064252,15,0,15,0.9375,0.8677869763993574,0.0,0.031315240083507306,0.9912491178546224,0.0,0.06060606060606061,0.9254183686915272,0.0
gemini_hitbtc_ltc_btc_rf_75_feat_hyper_13_19_100,gemini_hitbtc_ltc_btc,rf_75_feat_hyper,"{'max_depth': 19, 'max_features': 13, 'n_estimators': 100}",0.8576499388004896,-0.09,-0.21,0.13344887348353554,7,0,7,0.5833333333333334,0.8665511265164645,0.0,0.014613778705636743,0.9880028228652082,0.0,0.028513238289205704,0.9233001384950209,0.0
gemini_hitbtc_ltc_btc_rf_75_feat_hyper_13_19_150,gemini_hitbtc_ltc_btc,rf_75_feat_hyper,"{'max_depth': 19, 'max_features': 13, 'n_estimators': 150}",0.858139534883721,-0.07,-0.19,0.13301956898687145,10,1,11,0.8333333333333334,0.8669804310131286,0.011904761904761904,0.020876826722338204,0.9880028228652082,0.0016501650165016502,0.04073319755600815,0.9235437693779274,0.0028985507246376816
gemini_hitbtc_ltc_btc_rf_75_feat_hyper_auto_21_100,gemini_hitbtc_ltc_btc,rf_75_feat_hyper,"{'max_depth': 21, 'max_features': 'auto', 'n_estimators': 100}",0.8668298653610771,0.29,0.41,0.12672725009336486,52,15,67,0.9629629629629629,0.8732727499066352,0.18072289156626506,0.10855949895615867,0.9901199717713479,0.024752475247524754,0.19512195121951223,0.9280328085725625,0.04354136429608128
gemini_hitbtc_ltc_btc_rf_75_feat_hyper_auto_21_150,gemini_hitbtc_ltc_btc,rf_75_feat_hyper,"{'max_depth': 21, 'max_features': 'auto', 'n_estimators': 150}",0.8647490820073439,0.28,0.4,0.12838677603778276,39,13,52,1.0,0.8716132239622173,0.15294117647058825,0.081419624217119,0.9898376852505293,0.02145214521452145,0.15057915057915058,0.9269711188949838,0.03762662807525325
gemini_hitbtc_ltc_btc_rf_75_feat_hyper_11_21_100,gemini_hitbtc_ltc_btc,rf_75_feat_hyper,"{'max_depth': 21, 'max_features': 11, 'n_estimators': 100}",0.8610771113831089,0.09,-0.03,0.13034294234592445,36,0,36,0.8,0.8696570576540755,0.0,0.07515657620041753,0.9878616796047989,0.0,0.13740458015267176,0.924998347981233,0.0
gemini_hitbtc_ltc_btc_rf_75_feat_hyper_11_21_150,gemini_hitbtc_ltc_btc,rf_75_feat_hyper,"{'max_depth': 21, 'max_features': 11, 'n_estimators': 150}",0.8621787025703794,0.1,0.0,0.13001365950577426,37,1,38,0.8809523809523809,0.8699863404942257,0.013333333333333334,0.07724425887265135,0.9888496824276641,0.0016501650165016502,0.14203454894433779,0.9256176509446427,0.002936857562408223
gemini_hitbtc_ltc_btc_rf_75_feat_hyper_13_21_100,gemini_hitbtc_ltc_btc,rf_75_feat_hyper,"{'max_depth': 21, 'max_features': 13, 'n_estimators': 100}",0.8607099143206854,0.09,-0.08,0.13203811409479024,16,2,18,0.6153846153846154,0.8679618859052097,0.031746031746031744,0.033402922755741124,0.9899788285109387,0.0033003300330033004,0.06336633663366337,0.9249637346696559,0.005979073243647235
gemini_hitbtc_ltc_btc_rf_75_feat_hyper_13_21_150,gemini_hitbtc_ltc_btc,rf_75_feat_hyper,"{'max_depth': 21, 'max_features': 13, 'n_estimators': 150}",0.8598531211750307,-0.07,-0.2,0.13333333333333333,2,3,5,0.2222222222222222,0.8666666666666667,0.04918032786885246,0.0041753653444676405,0.9908256880733946,0.0049504950495049506,0.008196721311475409,0.9245966414224563,0.008995502248875563
gemini_hitbtc_ltc_btc_rf_75_feat_hyper_auto_25_100,gemini_hitbtc_ltc_btc,rf_75_feat_hyper,"{'max_depth': 25, 'max_features': 'auto', 'n_estimators': 100}",0.8646266829865361,0.22,0.17,0.12969156447417318,27,11,38,1.0,0.8703084355258268,0.15714285714285714,0.05636743215031315,0.9916725476358504,0.018151815181518153,0.10671936758893281,0.9270352289220214,0.03254437869822485
gemini_hitbtc_ltc_btc_rf_75_feat_hyper_auto_25_150,gemini_hitbtc_ltc_btc,rf_75_feat_hyper,"{'max_depth': 25, 'max_features': 'auto', 'n_estimators': 150}",0.8642594859241126,0.23,0.29,0.12909632571996027,23,22,45,1.0,0.8709036742800397,0.24175824175824176,0.04801670146137787,0.9902611150317573,0.036303630363036306,0.09163346613545816,0.9267551680866523,0.06312769010043041
gemini_hitbtc_ltc_btc_rf_75_feat_hyper_11_25_100,gemini_hitbtc_ltc_btc,rf_75_feat_hyper,"{'max_depth': 25, 'max_features': 11, 'n_estimators': 100}",0.860342717258262,0.05,-0.04,0.1314484126984127,25,0,25,0.9259259259259259,0.8685515873015873,0.0,0.05219206680584551,0.9885673959068455,0.0,0.09881422924901186,0.9246814971285234,0.0
gemini_hitbtc_ltc_btc_rf_75_feat_hyper_11_25_150,gemini_hitbtc_ltc_btc,rf_75_feat_hyper,"{'max_depth': 25, 'max_features': 11, 'n_estimators': 150}",0.8602203182374542,0.05,-0.06,0.13183000867302688,21,0,21,0.9130434782608695,0.8681699913269731,0.0,0.04384133611691023,0.9889908256880734,0.0,0.08366533864541834,0.924650303510161,0.0
gemini_hitbtc_ltc_btc_rf_75_feat_hyper_13_25_100,gemini_hitbtc_ltc_btc,rf_75_feat_hyper,"{'max_depth': 25, 'max_features': 13, 'n_estimators': 100}",0.8605875152998776,-0.02,-0.14,0.1315071888943976,21,3,24,0.65625,0.8684928111056024,0.04285714285714286,0.04384133611691023,0.9889908256880734,0.0049504950495049506,0.08219178082191782,0.9248333663300997,0.008875739644970416
gemini_hitbtc_ltc_btc_rf_75_feat_hyper_13_25_150,gemini_hitbtc_ltc_btc,rf_75_feat_hyper,"{'max_depth': 25, 'max_features': 13, 'n_estimators': 150}",0.8611995104039167,0.01,-0.09,0.13179061997277564,16,4,20,0.8421052631578947,0.8682093800272244,0.05714285714285714,0.033402922755741124,0.9902611150317573,0.006600660066006601,0.0642570281124498,0.9252274825267045,0.011834319526627217
gemini_hitbtc_ltc_btc_rf_75_feat_hyper_auto_35_100,gemini_hitbtc_ltc_btc,rf_75_feat_hyper,"{'max_depth': 35, 'max_features': 'auto', 'n_estimators': 100}",0.8640146878824969,-0.0,-0.2,0.13196155741744703,14,0,14,1.0,0.868038442582553,0.0,0.029227557411273485,0.9943542695836274,0.0,0.056795131845841784,0.9269127031116373,0.0
gemini_hitbtc_ltc_btc_rf_75_feat_hyper_auto_35_150,gemini_hitbtc_ltc_btc,rf_75_feat_hyper,"{'max_depth': 35, 'max_features': 'auto', 'n_estimators': 150}",0.8642594859241126,0.18,0.17,0.12928039702233252,24,19,43,0.9230769230769231,0.8707196029776675,0.2261904761904762,0.05010438413361169,0.9905434015525759,0.03135313531353135,0.09504950495049505,0.9267745130406074,0.055072463768115934
gemini_hitbtc_ltc_btc_rf_75_feat_hyper_11_35_100,gemini_hitbtc_ltc_btc,rf_75_feat_hyper,"{'max_depth': 35, 'max_features': 11, 'n_estimators': 100}",0.8613219094247246,0.03,-0.07,0.13104388792462188,28,0,28,0.875,0.8689561120753782,0.0,0.05845511482254697,0.989273112208892,0.0,0.10958904109589042,0.9252194574615538,0.0
gemini_hitbtc_ltc_btc_rf_75_feat_hyper_11_35_150,gemini_hitbtc_ltc_btc,rf_75_feat_hyper,"{'max_depth': 35, 'max_features': 11, 'n_estimators': 150}",0.8607099143206854,0.06,-0.06,0.13139952894508491,24,1,25,0.9230769230769231,0.8686004710549151,0.012987012987012988,0.05010438413361169,0.9889908256880734,0.0016501650165016502,0.09504950495049505,0.9248944033790919,0.0029282576866764276
gemini_hitbtc_ltc_btc_rf_75_feat_hyper_13_35_100,gemini_hitbtc_ltc_btc,rf_75_feat_hyper,"{'max_depth': 35, 'max_features': 13, 'n_estimators': 100}",0.8609547123623011,0.05,-0.09,0.13118412895226286,26,1,27,0.7428571428571429,0.8688158710477372,0.014285714285714285,0.054279749478079335,0.9889908256880734,0.0016501650165016502,0.10116731517509728,0.9250165016501651,0.0029585798816568042
gemini_hitbtc_ltc_btc_rf_75_feat_hyper_13_35_150,gemini_hitbtc_ltc_btc,rf_75_feat_hyper,"{'max_depth': 35, 'max_features': 13, 'n_estimators': 150}",0.8604651162790697,-0.02,-0.15,0.1319796954314721,19,0,19,0.76,0.868020304568528,0.0,0.03966597077244259,0.9895553987297107,0.0,0.07539682539682539,0.924812030075188,0.0
gemini_cbpro_ltc_btc_rf_75_feat_hyper_auto_12_100,gemini_cbpro_ltc_btc,rf_75_feat_hyper,"{'max_depth': 12, 'max_features': 'auto', 'n_estimators': 100}",0.8707466340269278,0.22,0.34,0.1264694963494617,46,9,55,0.8846153846153846,0.8735305036505383,0.24324324324324326,0.09583333333333334,0.9952065416607924,0.01507537688442211,0.1729323308270677,0.9304072756030053,0.02839116719242902
gemini_cbpro_ltc_btc_rf_75_feat_hyper_auto_12_150,gemini_cbpro_ltc_btc,rf_75_feat_hyper,"{'max_depth': 12, 'max_features': 'auto', 'n_estimators': 150}",0.87062423500612,0.34,0.47,0.1274074074074074,41,4,45,0.8913043478260869,0.8725925925925926,0.16666666666666666,0.08541666666666667,0.9964753982799943,0.006700167504187605,0.155893536121673,0.9304284868031331,0.01288244766505636
gemini_cbpro_ltc_btc_rf_75_feat_hyper_11_12_100,gemini_cbpro_ltc_btc,rf_75_feat_hyper,"{'max_depth': 12, 'max_features': 11, 'n_estimators': 100}",0.8621787025703794,-0.19,-0.27,0.13171213430440687,10,0,10,0.43478260869565216,0.8682878656955931,0.0,0.020833333333333332,0.9916819399407867,0.0,0.03976143141153081,0.9258917993944978,0.0
gemini_cbpro_ltc_btc_rf_75_feat_hyper_11_12_150,gemini_cbpro_ltc_btc,rf_75_feat_hyper,"{'max_depth': 12, 'max_features': 11, 'n_estimators': 150}",0.8624235006119951,-0.2,-0.24,0.13177051202961135,9,0,9,0.5294117647058824,0.8682294879703887,0.0,0.01875,0.9921048921471873,0.0,0.03621730382293762,0.9260429003816292,0.0
gemini_cbpro_ltc_btc_rf_75_feat_hyper_13_12_100,gemini_cbpro_ltc_btc,rf_75_feat_hyper,"{'max_depth': 12, 'max_features': 13, 'n_estimators': 100}",0.8616891064871481,-0.07,-0.2,0.13177720143262936,10,0,10,0.8333333333333334,0.8682227985673706,0.0,0.020833333333333332,0.9911180036655858,0.0,0.04065040650406504,0.9256089532587227,0.0
gemini_cbpro_ltc_btc_rf_75_feat_hyper_13_12_150,gemini_cbpro_ltc_btc,rf_75_feat_hyper,"{'max_depth': 12, 'max_features': 13, 'n_estimators': 150}",0.8645042839657283,-0.02,-0.14,0.13040256853544085,21,0,21,0.84,0.8695974314645591,0.0,0.04375,0.9928098124911885,0.0,0.08316831683168317,0.9271279046804028,0.0
gemini_cbpro_ltc_btc_rf_75_feat_hyper_auto_15_100,gemini_cbpro_ltc_btc,rf_75_feat_hyper,"{'max_depth': 15, 'max_features': 'auto', 'n_estimators': 100}",0.8723378212974296,0.37,0.48,0.12422360248447205,66,11,77,0.9565217391304348,0.8757763975155279,0.21568627450980393,0.1375,0.9939376850415903,0.018425460636515914,0.2404371584699454,0.9311232912897048,0.03395061728395062
gemini_cbpro_ltc_btc_rf_75_feat_hyper_auto_15_150,gemini_cbpro_ltc_btc,rf_75_feat_hyper,"{'max_depth': 15, 'max_features': 'auto', 'n_estimators': 150}",0.8717258261933905,0.36,0.51,0.12486036986471391,60,11,71,0.9375,0.8751396301352861,0.22448979591836735,0.125,0.9940786691103906,0.018425460636515914,0.22058823529411764,0.9308250825082507,0.034055727554179564
gemini_cbpro_ltc_btc_rf_75_feat_hyper_11_15_100,gemini_cbpro_ltc_btc,rf_75_feat_hyper,"{'max_depth': 15, 'max_features': 11, 'n_estimators': 100}",0.8638922888616891,0.07,-0.04,0.13002598045280217,23,3,26,0.7666666666666667,0.8699740195471978,0.05263157894736842,0.04791666666666667,0.9913999718031863,0.005025125628140704,0.09019607843137255,0.9267264101212441,0.009174311926605503
gemini_cbpro_ltc_btc_rf_75_feat_hyper_11_15_150,gemini_cbpro_ltc_btc,rf_75_feat_hyper,"{'max_depth': 15, 'max_features': 11, 'n_estimators': 150}",0.8629130966952264,-0.16,-0.22,0.13134180965312925,12,1,13,0.6666666666666666,0.8686581903468708,0.0196078431372549,0.025,0.9921048921471873,0.0016750418760469012,0.04819277108433735,0.9262866921153086,0.0030864197530864196
gemini_cbpro_ltc_btc_rf_75_feat_hyper_13_15_100,gemini_cbpro_ltc_btc,rf_75_feat_hyper,"{'max_depth': 15, 'max_features': 13, 'n_estimators': 100}",0.8610771113831089,-0.07,-0.19,0.13194959229058562,3,6,9,0.5,0.8680504077094143,0.08571428571428572,0.00625,0.9905540673903849,0.010050251256281407,0.01234567901234568,0.9252650293013761,0.017991004497751123
gemini_cbpro_ltc_btc_rf_75_feat_hyper_13_15_150,gemini_cbpro_ltc_btc,rf_75_feat_hyper,"{'max_depth': 15, 'max_features': 13, 'n_estimators': 150}",0.8623011015911872,-0.11,-0.21,0.13205918618988902,5,1,6,0.7142857142857143,0.867940813810111,0.018867924528301886,0.010416666666666666,0.9923868602847878,0.0016750418760469012,0.02053388090349076,0.9260014470828126,0.0030769230769230774
gemini_cbpro_ltc_btc_rf_75_feat_hyper_auto_17_100,gemini_cbpro_ltc_btc,rf_75_feat_hyper,"{'max_depth': 17, 'max_features': 'auto', 'n_estimators': 100}",0.8656058751529988,-0.01,0.06,0.12980116092379893,11,15,26,0.7333333333333333,0.8701988390762011,0.25862068965517243,0.022916666666666665,0.9933737487663894,0.02512562814070352,0.04444444444444444,0.9277156023699802,0.04580152671755725
gemini_cbpro_ltc_btc_rf_75_feat_hyper_auto_17_150,gemini_cbpro_ltc_btc,rf_75_feat_hyper,"{'max_depth': 17, 'max_features': 'auto', 'n_estimators': 150}",0.868421052631579,0.14,0.23,0.1280593325092707,34,7,41,0.8717948717948718,0.8719406674907293,0.17073170731707318,0.07083333333333333,0.9945016213167912,0.011725293132328308,0.13102119460500963,0.9291971283672529,0.0219435736677116
gemini_cbpro_ltc_btc_rf_75_feat_hyper_11_17_100,gemini_cbpro_ltc_btc,rf_75_feat_hyper,"{'max_depth': 17, 'max_features': 11, 'n_estimators': 100}",0.8642594859241126,0.01,-0.08,0.13043478260869565,20,1,21,0.8,0.8695652173913043,0.02040816326530612,0.041666666666666664,0.9925278443535881,0.0016750418760469012,0.07920792079207921,0.9269866350648496,0.0030959752321981426
gemini_cbpro_ltc_btc_rf_75_feat_hyper_11_17_150,gemini_cbpro_ltc_btc,rf_75_feat_hyper,"{'max_depth': 17, 'max_features': 11, 'n_estimators': 150}",0.8636474908200734,-0.1,-0.19,0.13124460342913533,13,0,13,0.6842105263157895,0.8687553965708646,0.0,0.027083333333333334,0.9929507965599887,0.0,0.05210420841683367,0.9267105263157895,0.0
gemini_cbpro_ltc_btc_rf_75_feat_hyper_13_17_100,gemini_cbpro_ltc_btc,rf_75_feat_hyper,"{'max_depth': 17, 'max_features': 13, 'n_estimators': 100}",0.8643818849449204,0.18,0.06,0.13023600642530583,23,0,23,1.0,0.8697639935746941,0.0,0.04791666666666667,0.9923868602847878,0.0,0.09145129224652089,0.9270380613723166,0.0
gemini_cbpro_ltc_btc_rf_75_feat_hyper_13_17_150,gemini_cbpro_ltc_btc,rf_75_feat_hyper,"{'max_depth': 17, 'max_features': 13, 'n_estimators': 150}",0.8625458996328029,-0.07,-0.2,0.13184509126788357,8,0,8,1.0,0.8681549087321164,0.0,0.016666666666666666,0.9923868602847878,0.0,0.03278688524590164,0.9261232813630681,0.0
gemini_cbpro_ltc_btc_rf_75_feat_hyper_auto_19_100,gemini_cbpro_ltc_btc,rf_75_feat_hyper,"{'max_depth': 19, 'max_features': 'auto', 'n_estimators': 100}",0.8733170134638923,0.37,0.62,0.12344604674291397,80,4,84,0.898876404494382,0.8765539532570861,0.10810810810810811,0.16666666666666666,0.9940786691103906,0.006700167504187605,0.28119507908611596,0.9316244962674242,0.012618296529968454
gemini_cbpro_ltc_btc_rf_75_feat_hyper_auto_19_150,gemini_cbpro_ltc_btc,rf_75_feat_hyper,"{'max_depth': 19, 'max_features': 'auto', 'n_estimators': 150}",0.8701346389228887,0.26,0.48,0.1259920634920635,55,6,61,0.9166666666666666,0.8740079365079365,0.13043478260869565,0.11458333333333333,0.9936557169039898,0.010050251256281407,0.2037037037037037,0.9299993402388336,0.01866251944012442
gemini_cbpro_ltc_btc_rf_75_feat_hyper_11_19_100,gemini_cbpro_ltc_btc,rf_75_feat_hyper,"{'max_depth': 19, 'max_features': 11, 'n_estimators': 100}",0.8663402692778458,0.07,-0.04,0.12943065332839324,29,0,29,0.9354838709677419,0.8705693466716068,0.0,0.06041666666666667,0.99379670097279,0.0,0.11350293542074365,0.928110599078341,0.0
gemini_cbpro_ltc_btc_rf_75_feat_hyper_11_19_150,gemini_cbpro_ltc_btc,rf_75_feat_hyper,"{'max_depth': 19, 'max_features': 11, 'n_estimators': 150}",0.8631578947368421,-0.29,-0.22,0.1320359650203227,4,1,5,0.6666666666666666,0.8679640349796773,0.022222222222222223,0.008333333333333333,0.9935147328351897,0.0016750418760469012,0.01646090534979424,0.9265053904811991,0.0031152647975077885
gemini_cbpro_ltc_btc_rf_75_feat_hyper_13_19_100,gemini_cbpro_ltc_btc,rf_75_feat_hyper,"{'max_depth': 19, 'max_features': 13, 'n_estimators': 100}",0.8636474908200734,0.09,0.05,0.13024118738404453,7,17,24,0.7,0.8697588126159554,0.22666666666666666,0.014583333333333334,0.9913999718031863,0.02847571189279732,0.028571428571428574,0.9266042956911319,0.05059523809523809
gemini_cbpro_ltc_btc_rf_75_feat_hyper_13_19_150,gemini_cbpro_ltc_btc,rf_75_feat_hyper,"{'max_depth': 19, 'max_features': 13, 'n_estimators': 150}",0.8638922888616891,0.06,-0.05,0.13093915833641862,9,7,16,0.5625,0.8690608416635814,0.13725490196078433,0.01875,0.9928098124911885,0.011725293132328308,0.03629032258064516,0.9268228481179257,0.021604938271604937
gemini_cbpro_ltc_btc_rf_75_feat_hyper_auto_21_100,gemini_cbpro_ltc_btc,rf_75_feat_hyper,"{'max_depth': 21, 'max_features': 'auto', 'n_estimators': 100}",0.8668298653610771,-0.02,-0.22,0.13000616142945162,21,1,22,0.7777777777777778,0.8699938385705484,0.03571428571428571,0.04375,0.9953475257295925,0.0016750418760469012,0.08284023668639053,0.9284587059442398,0.0032
gemini_cbpro_ltc_btc_rf_75_feat_hyper_auto_21_150,gemini_cbpro_ltc_btc,rf_75_feat_hyper,"{'max_depth': 21, 'max_features': 'auto', 'n_estimators': 150}",0.8654834761321909,-0.04,-0.22,0.13145597638957207,8,0,8,1.0,0.8685440236104279,0.0,0.016666666666666666,0.9957704779359933,0.0,0.03278688524590164,0.927816091954023,0.0
gemini_cbpro_ltc_btc_rf_75_feat_hyper_11_21_100,gemini_cbpro_ltc_btc,rf_75_feat_hyper,"{'max_depth': 21, 'max_features': 11, 'n_estimators': 100}",0.8641370869033048,-0.09,-0.19,0.13108891355284252,11,3,14,0.7857142857142857,0.8689110864471575,0.06382978723404255,0.022916666666666665,0.9933737487663894,0.005025125628140704,0.044534412955465584,0.9269832916721484,0.009316770186335404
gemini_cbpro_ltc_btc_rf_75_feat_hyper_11_21_150,gemini_cbpro_ltc_btc,rf_75_feat_hyper,"{'max_depth': 21, 'max_features': 11, 'n_estimators': 150}",0.8634026927784578,-0.2,-0.22,0.13209405392096515,2,2,4,1.0,0.8679059460790348,0.044444444444444446,0.004166666666666667,0.9939376850415903,0.0033500837520938024,0.008298755186721992,0.9266561514195584,0.006230529595015577
gemini_cbpro_ltc_btc_rf_75_feat_hyper_13_21_100,gemini_cbpro_ltc_btc,rf_75_feat_hyper,"{'max_depth': 21, 'max_features': 13, 'n_estimators': 100}",0.8632802937576499,0.01,-0.15,0.13183834401182848,7,0,7,0.7777777777777778,0.8681616559881715,0.0,0.014583333333333334,0.9933737487663894,0.0,0.02862985685071575,0.9265566440923138,0.0
gemini_cbpro_ltc_btc_rf_75_feat_hyper_13_21_150,gemini_cbpro_ltc_btc,rf_75_feat_hyper,"{'max_depth': 21, 'max_features': 13, 'n_estimators': 150}",0.8625458996328029,-0.08,-0.22,0.13184509126788357,8,0,8,0.6666666666666666,0.8681549087321164,0.0,0.016666666666666666,0.9923868602847878,0.0,0.03252032520325203,0.9261232813630681,0.0
gemini_cbpro_ltc_btc_rf_75_feat_hyper_auto_25_100,gemini_cbpro_ltc_btc,rf_75_feat_hyper,"{'max_depth': 25, 'max_features': 'auto', 'n_estimators': 100}",0.872093023255814,0.33,0.49,0.12509298289114804,62,6,68,0.8611111111111112,0.874907017108852,0.1875,0.12916666666666668,0.9949245735231919,0.010050251256281407,0.22463768115942032,0.9310640543571476,0.019077901430842606
gemini_cbpro_ltc_btc_rf_75_feat_hyper_auto_25_150,gemini_cbpro_ltc_btc,rf_75_feat_hyper,"{'max_depth': 25, 'max_features': 'auto', 'n_estimators': 150}",0.8694002447980416,0.34,0.49,0.12830002467308166,35,2,37,0.9210526315789473,0.8716999753269183,0.07692307692307693,0.07291666666666667,0.9961934301423939,0.0033500837520938024,0.13513513513513517,0.9297980130271728,0.006420545746388443
gemini_cbpro_ltc_btc_rf_75_feat_hyper_11_25_100,gemini_cbpro_ltc_btc,rf_75_feat_hyper,"{'max_depth': 25, 'max_features': 11, 'n_estimators': 100}",0.8625458996328029,0.03,-0.09,0.13102595797280595,8,9,17,0.5714285714285714,0.8689740420271941,0.13636363636363635,0.016666666666666666,0.9911180036655858,0.01507537688442211,0.03238866396761133,0.9260356978199301,0.027149321266968323
gemini_cbpro_ltc_btc_rf_75_feat_hyper_11_25_150,gemini_cbpro_ltc_btc,rf_75_feat_hyper,"{'max_depth': 25, 'max_features': 11, 'n_estimators': 150}",0.8642594859241126,-0.09,-0.21,0.1310727496917386,10,4,14,0.6666666666666666,0.8689272503082615,0.08888888888888889,0.020833333333333332,0.9935147328351897,0.006700167504187605,0.0404040404040404,0.9270538709465237,0.012461059190031154
gemini_cbpro_ltc_btc_rf_75_feat_hyper_13_25_100,gemini_cbpro_ltc_btc,rf_75_feat_hyper,"{'max_depth': 25, 'max_features': 13, 'n_estimators': 100}",0.8652386780905753,0.08,0.09,0.1299407114624506,23,2,25,0.8518518518518519,0.8700592885375494,0.0425531914893617,0.04791666666666667,0.993091780628789,0.0033500837520938024,0.09072978303747535,0.9275133320165909,0.006211180124223602
gemini_cbpro_ltc_btc_rf_75_feat_hyper_13_25_150,gemini_cbpro_ltc_btc,rf_75_feat_hyper,"{'max_depth': 25, 'max_features': 13, 'n_estimators': 150}",0.8619339045287637,-0.04,-0.04,0.13192644699494013,5,3,8,0.7142857142857143,0.8680735530050598,0.05,0.010416666666666666,0.9916819399407867,0.005025125628140704,0.02053388090349076,0.925769939457752,0.0091324200913242
gemini_cbpro_ltc_btc_rf_75_feat_hyper_auto_35_100,gemini_cbpro_ltc_btc,rf_75_feat_hyper,"{'max_depth': 35, 'max_features': 'auto', 'n_estimators': 100}",0.8709914320685435,0.25,0.34,0.12569728523614726,63,0,63,0.8513513513513513,0.8743027147638527,0.0,0.13125,0.994360637247991,0.0,0.22743682310469315,0.9304749340369393,0.0
gemini_cbpro_ltc_btc_rf_75_feat_hyper_auto_35_150,gemini_cbpro_ltc_btc,rf_75_feat_hyper,"{'max_depth': 35, 'max_features': 'auto', 'n_estimators': 150}",0.8674418604651163,0.16,0.04,0.12928694793979767,29,0,29,0.7837837837837838,0.8707130520602023,0.0,0.06041666666666667,0.9950655575919921,0.0,0.11218568665377177,0.9287453121915915,0.0
gemini_cbpro_ltc_btc_rf_75_feat_hyper_11_35_100,gemini_cbpro_ltc_btc,rf_75_feat_hyper,"{'max_depth': 35, 'max_features': 11, 'n_estimators': 100}",0.8643818849449204,0.06,-0.05,0.1309655937846837,15,0,15,0.7142857142857143,0.8690344062153164,0.0,0.03125,0.9935147328351897,0.0,0.059880239520958084,0.9271148533087753,0.0
gemini_cbpro_ltc_btc_rf_75_feat_hyper_11_35_150,gemini_cbpro_ltc_btc,rf_75_feat_hyper,"{'max_depth': 35, 'max_features': 11, 'n_estimators': 150}",0.8641370869033048,-0.01,-0.16,0.13063341153228794,19,0,19,0.7916666666666666,0.8693665884677121,0.0,0.03958333333333333,0.9926688284223882,0.0,0.0753968253968254,0.9269352290679305,0.0
gemini_cbpro_ltc_btc_rf_75_feat_hyper_13_35_100,gemini_cbpro_ltc_btc,rf_75_feat_hyper,"{'max_depth': 35, 'max_features': 13, 'n_estimators': 100}",0.871358629130967,0.35,0.55,0.12555775904809122,59,5,64,0.8939393939393939,0.8744422409519088,0.1388888888888889,0.12291666666666666,0.9946426053855915,0.008375209380234505,0.2161172161172161,0.9306773959501353,0.01579778830963665
gemini_cbpro_ltc_btc_rf_75_feat_hyper_13_35_150,gemini_cbpro_ltc_btc,rf_75_feat_hyper,"{'max_depth': 35, 'max_features': 13, 'n_estimators': 150}",0.869889840881273,0.34,0.49,0.12722551928783382,42,6,48,0.9333333333333333,0.8727744807121661,0.16216216216216217,0.0875,0.9952065416607924,0.010050251256281407,0.16,0.9299782623015611,0.018927444794952685
