model_id,csv_name,model_label,params,accuracy,pct_profit_mean,pct_profit_median,FPR,correct_arb_neg1,correct_arb_1,correct_arb,precision_neg1,precision_0,precision_1,recall_neg1,recall_0,recall_1,f1_neg1,f1_0,f1_1,pct_class_1,pct_class_neg1,pct_class_0,bl_accuracy_diff,bl_pct_profit_mean_diff,bl_precision_neg1_diff,bl_precision_0_diff,bl_precision_1_diff,bl_recall_neg1_diff,bl_recall_0_diff,bl_recall_1_diff,ta_feat_accuracy_diff,ta_feat_pct_profit_mean_diff,ta_feat_precision_neg1_diff,ta_feat_precision_0_diff,ta_feat_precision_1_diff,ta_feat_recall_neg1_diff,ta_feat_recall_0_diff,ta_feat_recall_1_diff,hyper_accuracy_diff,hyper_pct_profit_mean_diff,hyper_precision_neg1_diff,hyper_precision_0_diff,hyper_precision_1_diff,hyper_recall_neg1_diff,hyper_recall_0_diff,hyper_recall_1_diff
kraken_gemini_bch_btc_rf,kraken_gemini_bch_btc,rf,{},0.9527340129749768,1.1,0.44,0.05814622913068509,150,270,420,1.0,0.9418537708693148,0.9963099630996308,0.6637168141592921,0.9993891264508248,0.9152542372881356,0.797872340425532,0.9697688203912272,0.9540636042402828,0.14,0.14,0.71,,,,,,,,,0.04638218923933204,0.04638218923933204,0.04638218923933204,0.04638218923933204,0.04638218923933204,0.04638218923933204,0.04638218923933204,0.04638218923933204,,,,,,,,
kraken_gemini_bch_btc_lr_bl,kraken_gemini_bch_btc,lr_bl,{},0.9165894346617238,1.05,0.4,4.8597556735359815,132,255,387,0.9496402877697842,0.92231884057971,0.8673469387755102,0.584070796460177,0.9718998167379352,0.8644067796610171,0.7232876712328768,0.9464604402141582,0.8658743633276741,0.14,0.14,0.71,,,,,,,,,,,,,,,,,,,,,,,,
kraken_gemini_bch_btc_rf_hyper_60_17_100,kraken_gemini_bch_btc,rf_hyper,"{'max_depth': 17, 'max_features': 60, 'n_estimators': 100}",1.0,0.95,0.34,0.0,226,295,521,1.0,1.0,1.0,1.0,1.0,1.0,1.0,1.0,1.0,0.14,0.14,0.71,,,,,,,,,,,,,,,,,-0.04961089494163423,-0.04961089494163423,-0.04961089494163423,-0.04961089494163423,-0.04961089494163423,-0.04961089494163423,-0.04961089494163423,-0.04961089494163423
kraken_gemini_bch_btc_rf_bl,kraken_gemini_bch_btc,rf_bl,{},0.9990732159406858,0.94,0.34,inf,226,293,519,1.0,0.9987797437461868,1.0,1.0,1.0,0.9932203389830508,1.0,0.9993894993894994,0.9965986394557824,0.14,0.14,0.71,-0.08998988877654189,-0.08998988877654189,-0.08998988877654189,-0.08998988877654189,-0.08998988877654189,-0.08998988877654189,-0.08998988877654189,-0.08998988877654189,,,,,,,,,,,,,,,,
hitbtc_cbpro_eth_usdc_lr_bl,hitbtc_cbpro_eth_usdc,lr_bl,{},0.9050379231670468,1.14,0.95,4.453642999417287,2471,3042,5513,0.9626022594468252,0.8755971717943818,0.9554020100502512,0.838479809976247,0.9747899159663864,0.7862496769191005,0.8962640551323903,0.9225348567977046,0.8626116546150574,0.17,0.17,0.66,,,,,,,,,,,,,,,,,,,,,,,,
hitbtc_cbpro_eth_usdc_rf_hyper_50_17_100,hitbtc_cbpro_eth_usdc,rf_hyper,"{'max_depth': 17, 'max_features': 50, 'n_estimators': 100}",1.0,1.02,0.79,0.0,2947,3869,6816,1.0,1.0,1.0,1.0,1.0,1.0,1.0,1.0,1.0,0.17,0.17,0.66,,,,,,,,,,,,,,,,,-0.003340963929963461,-0.003340963929963461,-0.003340963929963461,-0.003340963929963461,-0.003340963929963461,-0.003340963929963461,-0.003340963929963461,-0.003340963929963461
hitbtc_cbpro_eth_usdc_rf_bl,hitbtc_cbpro_eth_usdc,rf_bl,{},1.0,1.02,0.79,0.0,2947,3869,6816,1.0,1.0,1.0,1.0,1.0,1.0,1.0,1.0,1.0,0.17,0.17,0.66,-0.10492607481092883,-0.10492607481092883,-0.10492607481092883,-0.10492607481092883,-0.10492607481092883,-0.10492607481092883,-0.10492607481092883,-0.10492607481092883,,,,,,,,,,,,,,,,
hitbtc_cbpro_eth_usdc_rf,hitbtc_cbpro_eth_usdc,rf,{},0.9966701609422212,1.02,0.8,0.005711263881544157,2938,3824,6762,1.0,0.9942887361184558,1.0,0.996946046827282,1.0,0.98836908761954,0.9984706881903144,0.9971361900721256,0.9941505264526193,0.17,0.17,0.66,,,,,,,,,0.0033298390577788384,0.0033298390577788384,0.0033298390577788384,0.0033298390577788384,0.0033298390577788384,0.0033298390577788384,0.0033298390577788384,0.0033298390577788384,,,,,,,,
gemini_kraken_ltc_btc_rf,gemini_kraken_ltc_btc,rf,{},0.9814750087382036,0.81,0.69,0.023597506678539625,106,509,615,1.0,0.9764024933214605,1.0,0.7910447761194029,1.0,0.9531835205992508,0.8833333333333333,0.9880603739580986,0.9760306807286672,0.11,0.07,0.82,,,,,,,,,0.017838405036725916,0.017838405036725916,0.017838405036725916,0.017838405036725916,0.017838405036725916,0.017838405036725916,0.017838405036725916,0.017838405036725916,,,,,,,,
gemini_kraken_ltc_btc_lr_bl,gemini_kraken_ltc_btc,lr_bl,{},0.9552603984620762,0.78,0.66,4.027319830428638,105,505,610,1.0,0.9734066941769828,0.8782608695652174,0.7835820895522388,0.9680802553579572,0.9456928838951312,0.8786610878661087,0.9707361682670324,0.9107303877366996,0.11,0.07,0.82,,,,,,,,,,,,,,,,,,,,,,,,
gemini_kraken_ltc_btc_rf_hyper_50_17_100,gemini_kraken_ltc_btc,rf_hyper,"{'max_depth': 17, 'max_features': 50, 'n_estimators': 100}",1.0,0.76,0.63,0.0,134,534,668,1.0,1.0,1.0,1.0,1.0,1.0,1.0,1.0,1.0,0.11,0.07,0.82,,,,,,,,,,,,,,,,,-0.0188746438746437,-0.0188746438746437,-0.0188746438746437,-0.0188746438746437,-0.0188746438746437,-0.0188746438746437,-0.0188746438746437,-0.0188746438746437
gemini_kraken_ltc_btc_rf_bl,gemini_kraken_ltc_btc,rf_bl,{},0.9993009437259699,0.76,0.63,inf,134,532,666,1.0,0.9990888382687928,1.0,1.0,1.0,0.99625468164794,1.0,0.9995442114858706,0.99812382739212,0.11,0.07,0.82,-0.04610318331503834,-0.04610318331503834,-0.04610318331503834,-0.04610318331503834,-0.04610318331503834,-0.04610318331503834,-0.04610318331503834,-0.04610318331503834,,,,,,,,,,,,,,,,
gemini_hitbtc_ltc_btc_rf,gemini_hitbtc_ltc_btc,rf,{},0.9829865361077113,0.56,0.54,0.01924141749723145,409,537,946,1.0,0.9807585825027686,1.0,0.8538622129436325,1.0,0.8861386138613861,0.9211711711711712,0.9902858340904328,0.9396325459317586,0.07,0.06,0.87,,,,,,,,,0.016893132574366435,0.016893132574366435,0.016893132574366435,0.016893132574366435,0.016893132574366435,0.016893132574366435,0.016893132574366435,0.016893132574366435,,,,,,,,
gemini_hitbtc_ltc_btc_rf_hyper_50_17_100,gemini_hitbtc_ltc_btc,rf_hyper,"{'max_depth': 17, 'max_features': 50, 'n_estimators': 100}",1.0,0.53,0.48,0.0,479,606,1085,1.0,1.0,1.0,1.0,1.0,1.0,1.0,1.0,1.0,0.07,0.06,0.87,,,,,,,,,,,,,,,,,-0.017307931764412785,-0.017307931764412785,-0.017307931764412785,-0.017307931764412785,-0.017307931764412785,-0.017307931764412785,-0.017307931764412785,-0.017307931764412785
gemini_hitbtc_ltc_btc_rf_bl,gemini_hitbtc_ltc_btc,rf_bl,{},0.9998776009791922,0.53,0.48,inf,478,606,1084,1.0,0.9998588766581992,1.0,0.9979123173277662,1.0,1.0,0.9989550679205852,0.9999294333497988,1.0,0.07,0.06,0.87,-0.15299929428369805,-0.15299929428369805,-0.15299929428369805,-0.15299929428369805,-0.15299929428369805,-0.15299929428369805,-0.15299929428369805,-0.15299929428369805,,,,,,,,,,,,,,,,
gemini_hitbtc_ltc_btc_lr_bl,gemini_hitbtc_ltc_btc,lr_bl,{},0.8671970624235006,,,4.208705179822093,0,0,0,0.0,0.8671970624235006,0.0,0.0,1.0,0.0,0.0,0.9288757784333004,0.0,0.07,0.06,0.87,,,,,,,,,,,,,,,,,,,,,,,,
gemini_hitbtc_bch_btc_lr_bl,gemini_hitbtc_bch_btc,lr_bl,{},0.941881918819188,1.64,1.25,4.095897748077064,417,216,633,0.990498812351544,0.9374584165003328,0.8852459016393442,0.9065217391304348,0.9777931991672448,0.8089887640449438,0.9466515323496028,0.9572010869565216,0.8454011741682974,0.16,0.14,0.69,,,,,,,,,,,,,,,,,,,,,,,,
gemini_hitbtc_bch_btc_rf,gemini_hitbtc_bch_btc,rf,{},0.8856088560885609,1.52,1.29,0.14683244523386618,395,84,479,1.0,0.8531675547661338,1.0,0.8586956521739131,1.0,0.3146067415730337,0.9239766081871346,0.9207667731629392,0.4786324786324786,0.16,0.14,0.69,,,,,,,,,0.11316397228637413,0.11316397228637413,0.11316397228637413,0.11316397228637413,0.11316397228637413,0.11316397228637413,0.11316397228637413,0.11316397228637413,,,,,,,,
gemini_hitbtc_bch_btc_rf_hyper_50_17_150,gemini_hitbtc_bch_btc,rf_hyper,"{'max_depth': 17, 'max_features': 50, 'n_estimators': 150}",1.0,1.46,1.13,0.0,460,267,727,1.0,1.0,1.0,1.0,1.0,1.0,1.0,1.0,1.0,0.16,0.14,0.69,,,,,,,,,,,,,,,,,-0.12916666666666668,-0.12916666666666668,-0.12916666666666668,-0.12916666666666668,-0.12916666666666668,-0.12916666666666668,-0.12916666666666668,-0.12916666666666668
gemini_hitbtc_bch_btc_rf_bl,gemini_hitbtc_bch_btc,rf_bl,{},0.9986162361623616,1.46,1.13,4.502081887578071,458,266,724,1.0,0.9979224376731302,1.0,0.9956521739130436,1.0,0.99625468164794,0.9978213507625272,0.9989601386481802,0.99812382739212,0.16,0.14,0.69,-0.060235063663075586,-0.060235063663075586,-0.060235063663075586,-0.060235063663075586,-0.060235063663075586,-0.060235063663075586,-0.060235063663075586,-0.060235063663075586,,,,,,,,,,,,,,,,
gemini_cbpro_ltc_btc_rf,gemini_cbpro_ltc_btc,rf,{},0.9878824969400244,0.57,0.54,0.013765294771968854,444,534,978,1.0,0.9862347052280312,1.0,0.925,1.0,0.8944723618090452,0.9610389610389608,0.9930696534826742,0.9442970822281168,0.07,0.06,0.87,,,,,,,,,0.01211750305997561,0.01211750305997561,0.01211750305997561,0.01211750305997561,0.01211750305997561,0.01211750305997561,0.01211750305997561,0.01211750305997561,,,,,,,,
gemini_cbpro_ltc_btc_lr_bl,gemini_cbpro_ltc_btc,lr_bl,{},0.8906976744186047,0.57,0.4,4.117664794312061,64,190,254,0.5079365079365079,0.8951057863879683,0.9595959595959596,0.13333333333333333,0.9901311151839842,0.31825795644891125,0.2112211221122112,0.940223575875226,0.4779874213836479,0.07,0.06,0.87,,,,,,,,,,,,,,,,,,,,,,,,
gemini_cbpro_ltc_btc_rf_hyper_50_17_100,gemini_cbpro_ltc_btc,rf_hyper,"{'max_depth': 17, 'max_features': 50, 'n_estimators': 100}",1.0,0.53,0.5,0.0,480,597,1077,1.0,1.0,1.0,1.0,1.0,1.0,1.0,1.0,1.0,0.07,0.06,0.87,,,,,,,,,,,,,,,,,-0.012266138025027969,-0.012266138025027969,-0.012266138025027969,-0.012266138025027969,-0.012266138025027969,-0.012266138025027969,-0.012266138025027969,-0.012266138025027969
gemini_cbpro_ltc_btc_rf_bl,gemini_cbpro_ltc_btc,rf_bl,{},1.0,0.53,0.5,0.0,480,597,1077,1.0,1.0,1.0,1.0,1.0,1.0,1.0,1.0,1.0,0.07,0.06,0.87,-0.12271540469973884,-0.12271540469973884,-0.12271540469973884,-0.12271540469973884,-0.12271540469973884,-0.12271540469973884,-0.12271540469973884,-0.12271540469973884,,,,,,,,,,,,,,,,
gemini_bitfinex_ltc_btc_lr_bl,gemini_bitfinex_ltc_btc,lr_bl,{},0.9553243574051408,0.68,0.68,4.8011298935544025,213,515,728,1.0,0.9509540446116636,1.0,0.4551282051282051,1.0,0.8240000000000001,0.6255506607929515,0.9748605275845444,0.9035087719298246,0.07,0.06,0.86,,,,,,,,,,,,,,,,,,,,,,,,
gemini_bitfinex_ltc_btc_rf,gemini_bitfinex_ltc_btc,rf,{},0.9757649938800492,0.54,0.51,0.027216494845360824,359,536,895,1.0,0.9727835051546392,1.0,0.7670940170940171,1.0,0.8576,0.8681983071342202,0.9862040133779264,0.9233419465977604,0.07,0.06,0.86,,,,,,,,,0.024115558819928773,0.024115558819928773,0.024115558819928773,0.024115558819928773,0.024115558819928773,0.024115558819928773,0.024115558819928773,0.024115558819928773,,,,,,,,
gemini_bitfinex_ltc_btc_rf_hyper_50_17_100,gemini_bitfinex_ltc_btc,rf_hyper,"{'max_depth': 17, 'max_features': 50, 'n_estimators': 100}",1.0,0.52,0.47,0.0,468,625,1093,1.0,1.0,1.0,1.0,1.0,1.0,1.0,1.0,1.0,0.07,0.06,0.86,,,,,,,,,,,,,,,,,-0.024836929252383063,-0.024836929252383063,-0.024836929252383063,-0.024836929252383063,-0.024836929252383063,-0.024836929252383063,-0.024836929252383063,-0.024836929252383063
gemini_bitfinex_ltc_btc_rf_bl,gemini_bitfinex_ltc_btc,rf_bl,{},0.9998776009791922,0.52,0.47,inf,468,624,1092,1.0,0.9998587171517378,1.0,1.0,1.0,0.9984,1.0,0.9999293535853055,0.9991993594875899,0.07,0.06,0.86,-0.04663677130044846,-0.04663677130044846,-0.04663677130044846,-0.04663677130044846,-0.04663677130044846,-0.04663677130044846,-0.04663677130044846,-0.04663677130044846,,,,,,,,,,,,,,,,
gemini_bitfinex_bch_btc_rf,gemini_bitfinex_bch_btc,rf,{},0.9501615136132904,1.5,1.14,0.07166556071665561,440,220,660,1.0,0.9283344392833444,1.0,0.8627450980392157,1.0,0.8527131782945736,0.9263157894736842,0.962835512732278,0.9205020920502092,0.16,0.16,0.68,,,,,,,,,0.04896073903002304,0.04896073903002304,0.04896073903002304,0.04896073903002304,0.04896073903002304,0.04896073903002304,0.04896073903002304,0.04896073903002304,,,,,,,,
gemini_bitfinex_bch_btc_rf_hyper_50_17_150,gemini_bitfinex_bch_btc,rf_hyper,"{'max_depth': 17, 'max_features': 50, 'n_estimators': 150}",1.0,1.39,1.05,0.0,510,258,768,1.0,1.0,1.0,1.0,1.0,1.0,1.0,1.0,1.0,0.16,0.16,0.68,,,,,,,,,,,,,,,,,-0.05245264691597851,-0.05245264691597851,-0.05245264691597851,-0.05245264691597851,-0.05245264691597851,-0.05245264691597851,-0.05245264691597851,-0.05245264691597851
gemini_bitfinex_bch_btc_rf_bl,gemini_bitfinex_bch_btc,rf_bl,{},0.9990770650669129,1.39,1.05,inf,508,258,766,1.0,0.9985724482512492,1.0,0.996078431372549,1.0,1.0,0.9980353634577604,0.9992857142857142,1.0,0.16,0.16,0.68,-0.07926221335992009,-0.07926221335992009,-0.07926221335992009,-0.07926221335992009,-0.07926221335992009,-0.07926221335992009,-0.07926221335992009,-0.07926221335992009,,,,,,,,,,,,,,,,
gemini_bitfinex_bch_btc_lr_bl,gemini_bitfinex_bch_btc,lr_bl,{},0.9257037378864792,1.39,1.04,4.752710667545429,467,239,706,0.8946360153256705,0.9544787077826724,0.8445229681978799,0.915686274509804,0.9292351679771264,0.9263565891472868,0.9050387596899224,0.9416877942774357,0.8835489833641405,0.16,0.16,0.68,,,,,,,,,,,,,,,,,,,,,,,,
cbpro_gemini_bch_btc_lr_bl,cbpro_gemini_bch_btc,lr_bl,{},0.9298569450853716,1.75,1.36,4.5898954703832775,162,418,580,0.8852459016393442,0.9175191815856778,0.9952380952380953,0.6532258064516129,0.9842249657064472,0.9067245119305856,0.7517401392111369,0.9497021839841164,0.948921679909194,0.15,0.16,0.7,,,,,,,,,,,,,,,,,,,,,,,,
cbpro_gemini_bch_btc_rf,cbpro_gemini_bch_btc,rf,{},0.9321642824180896,1.57,1.32,0.09158878504672896,147,415,562,1.0,0.908411214953271,1.0,0.592741935483871,1.0,0.9002169197396963,0.7443037974683544,0.952007835455436,0.9474885844748858,0.15,0.16,0.7,,,,,,,,,0.06697459584295613,0.06697459584295613,0.06697459584295613,0.06697459584295613,0.06697459584295613,0.06697459584295613,0.06697459584295613,0.06697459584295613,,,,,,,,
cbpro_gemini_bch_btc_rf_hyper_60_17_100,cbpro_gemini_bch_btc,rf_hyper,"{'max_depth': 17, 'max_features': 60, 'n_estimators': 100}",1.0,1.5,1.12,0.0,248,461,709,1.0,1.0,1.0,1.0,1.0,1.0,1.0,1.0,1.0,0.15,0.16,0.7,,,,,,,,,,,,,,,,,-0.07277227722772271,-0.07277227722772271,-0.07277227722772271,-0.07277227722772271,-0.07277227722772271,-0.07277227722772271,-0.07277227722772271,-0.07277227722772271
cbpro_gemini_bch_btc_rf_bl,cbpro_gemini_bch_btc,rf_bl,{},0.9990770650669129,1.5,1.13,inf,248,459,707,1.0,0.9986301369863012,1.0,1.0,1.0,0.9956616052060736,1.0,0.9993145990404386,0.9978260869565216,0.15,0.16,0.7,-0.07444168734491304,-0.07444168734491304,-0.07444168734491304,-0.07444168734491304,-0.07444168734491304,-0.07444168734491304,-0.07444168734491304,-0.07444168734491304,,,,,,,,,,,,,,,,
cbpro_bitfinex_ltc_usd_rf,cbpro_bitfinex_ltc_usd,rf,{},0.9968465139196846,3.09,3.8,0.002965654019387964,242,6660,6902,1.0,0.997034345980612,0.9952181709503886,0.6111111111111112,0.9994054586329264,0.9990999099909992,0.7586206896551725,0.9982184942564996,0.9971552627638868,0.24,0.12,0.64,,,,,,,,,0.003153486080315404,0.003153486080315404,0.003153486080315404,0.003153486080315404,0.003153486080315404,0.003153486080315404,0.003153486080315404,0.003153486080315404,,,,,,,,
cbpro_bitfinex_ltc_usd_rf_hyper_50_17_100,cbpro_bitfinex_ltc_usd,rf_hyper,"{'max_depth': 17, 'max_features': 50, 'n_estimators': 100}",1.0,3.05,3.71,0.0,396,6666,7062,1.0,1.0,1.0,1.0,1.0,1.0,1.0,1.0,1.0,0.24,0.12,0.64,,,,,,,,,,,,,,,,,-0.003163462013741344,-0.003163462013741344,-0.003163462013741344,-0.003163462013741344,-0.003163462013741344,-0.003163462013741344,-0.003163462013741344,-0.003163462013741344
cbpro_bitfinex_ltc_usd_rf_bl,cbpro_bitfinex_ltc_usd,rf_bl,{},1.0,3.05,3.71,0.0,396,6666,7062,1.0,1.0,1.0,1.0,1.0,1.0,1.0,1.0,1.0,0.24,0.12,0.64,-0.11260347568663993,-0.11260347568663993,-0.11260347568663993,-0.11260347568663993,-0.11260347568663993,-0.11260347568663993,-0.11260347568663993,-0.11260347568663993,,,,,,,,,,,,,,,,
cbpro_bitfinex_ltc_usd_lr_bl,cbpro_bitfinex_ltc_usd,lr_bl,{},0.8987928061098793,2.48,2.4,17.479322502917544,29,1045,1074,0.14215686274509806,0.899667963509525,0.9961868446139179,0.07323232323232322,0.9967671813165376,0.15676567656765678,0.09666666666666666,0.945731787933542,0.270900842514582,0.24,0.12,0.64,,,,,,,,,,,,,,,,,,,,,,,,
cbpro_bitfinex_eth_usd_rf,cbpro_bitfinex_eth_usd,rf,{},0.9834936214963954,2.5,1.46,0.0186552944378913,38,10413,10451,1.0,0.9813447055621088,0.9947458922430265,0.08463251670378619,0.9989839651222936,0.9440616500453308,0.15605749486652976,0.9900857767972392,0.9687412782584428,0.21,0.12,0.67,,,,,,,,,0.01650637850360459,0.01650637850360459,0.01650637850360459,0.01650637850360459,0.01650637850360459,0.01650637850360459,0.01650637850360459,0.01650637850360459,,,,,,,,
cbpro_bitfinex_eth_usd_rf_hyper_50_17_100,cbpro_bitfinex_eth_usd,rf_hyper,"{'max_depth': 17, 'max_features': 50, 'n_estimators': 100}",1.0,2.33,1.4,0.0,449,11030,11479,1.0,1.0,1.0,1.0,1.0,1.0,1.0,1.0,1.0,0.21,0.12,0.67,,,,,,,,,,,,,,,,,-0.016783411852219203,-0.016783411852219203,-0.016783411852219203,-0.016783411852219203,-0.016783411852219203,-0.016783411852219203,-0.016783411852219203,-0.016783411852219203
cbpro_bitfinex_eth_usd_rf_bl,cbpro_bitfinex_eth_usd,rf_bl,{},1.0,2.33,1.4,0.0,449,11030,11479,1.0,1.0,1.0,1.0,1.0,1.0,1.0,1.0,1.0,0.21,0.12,0.67,-0.22289942593006787,-0.22289942593006787,-0.22289942593006787,-0.22289942593006787,-0.22289942593006787,-0.22289942593006787,-0.22289942593006787,-0.22289942593006787,,,,,,,,,,,,,,,,
cbpro_bitfinex_eth_usd_lr_bl,cbpro_bitfinex_eth_usd,lr_bl,{},0.8177287345109814,0.87,0.37,29.55641650092916,229,5004,5233,0.6876876876876877,0.8857404189152108,0.4714972203900876,0.5100222717149221,0.8944616862484298,0.4536718041704442,0.5856777493606138,0.8900796896973263,0.4624127893545257,0.21,0.12,0.67,,,,,,,,,,,,,,,,,,,,,,,,
bitfinex_hitbtc_ltc_usdt_rf,bitfinex_hitbtc_ltc_usdt,rf,{},0.9874660929754,0.54,0.45,0.014111204717775903,509,686,1195,1.0,0.9858887952822242,1.0,0.8015748031496063,1.0,0.9884726224783862,0.8898601398601398,0.9928942623820128,0.9942028985507246,0.09,0.08,0.84,,,,,,,,,0.0125339070246,0.0125339070246,0.0125339070246,0.0125339070246,0.0125339070246,0.0125339070246,0.0125339070246,0.0125339070246,,,,,,,,
bitfinex_hitbtc_ltc_usdt_rf_hyper_50_17_100,bitfinex_hitbtc_ltc_usdt,rf_hyper,"{'max_depth': 17, 'max_features': 50, 'n_estimators': 100}",1.0,0.5,0.4,0.0,635,694,1329,1.0,1.0,1.0,1.0,1.0,1.0,1.0,1.0,1.0,0.09,0.08,0.84,,,,,,,,,,,,,,,,,-0.012692999905275986,-0.012692999905275986,-0.012692999905275986,-0.012692999905275986,-0.012692999905275986,-0.012692999905275986,-0.012692999905275986,-0.012692999905275986
bitfinex_hitbtc_ltc_usdt_rf_bl,bitfinex_hitbtc_ltc_usdt,rf_bl,{},1.0,0.5,0.4,0.0,635,694,1329,1.0,1.0,1.0,1.0,1.0,1.0,1.0,1.0,1.0,0.09,0.08,0.84,-0.14956989247311822,-0.14956989247311822,-0.14956989247311822,-0.14956989247311822,-0.14956989247311822,-0.14956989247311822,-0.14956989247311822,-0.14956989247311822,,,,,,,,,,,,,,,,
bitfinex_hitbtc_ltc_usdt_lr_bl,bitfinex_hitbtc_ltc_usdt,lr_bl,{},0.8698905621550838,0.07,-0.05,5.282327183138562,529,385,914,0.3524317121918721,0.9531711752671062,0.9821428571428572,0.8330708661417323,0.8957487716299936,0.5547550432276657,0.4953183520599251,0.923568281938326,0.7090239410681399,0.09,0.08,0.84,,,,,,,,,,,,,,,,,,,,,,,,
bitfinex_hitbtc_bch_usdt_rf,bitfinex_hitbtc_bch_usdt,rf,{},0.9886820690300252,0.95,0.6,0.016566894055408603,1142,2364,3506,0.9982517482517482,0.9834331059445914,1.0,0.9548494983277592,0.9997169544296632,0.9732400164676822,0.976068376068376,0.9915081760123516,0.9864385562278324,0.19,0.14,0.67,,,,,,,,,0.011225444340505212,0.011225444340505212,0.011225444340505212,0.011225444340505212,0.011225444340505212,0.011225444340505212,0.011225444340505212,0.011225444340505212,,,,,,,,
bitfinex_hitbtc_bch_usdt_rf_hyper_50_17_100,bitfinex_hitbtc_bch_usdt,rf_hyper,"{'max_depth': 17, 'max_features': 50, 'n_estimators': 100}",1.0,0.93,0.59,0.0,1196,2429,3625,1.0,1.0,1.0,1.0,1.0,1.0,1.0,1.0,1.0,0.19,0.14,0.67,,,,,,,,,,,,,,,,,-0.011447492904446601,-0.011447492904446601,-0.011447492904446601,-0.011447492904446601,-0.011447492904446601,-0.011447492904446601,-0.011447492904446601,-0.011447492904446601
bitfinex_hitbtc_bch_usdt_rf_bl,bitfinex_hitbtc_bch_usdt,rf_bl,{},0.9999064633804134,0.93,0.59,inf,1195,2429,3624,1.0,0.9998584972406962,1.0,0.9991638795986622,1.0,1.0,0.9995817649519028,0.9999292436142362,1.0,0.19,0.14,0.67,-0.06846576711644167,-0.06846576711644167,-0.06846576711644167,-0.06846576711644167,-0.06846576711644167,-0.06846576711644167,-0.06846576711644167,-0.06846576711644167,,,,,,,,,,,,,,,,
bitfinex_hitbtc_bch_usdt_lr_bl,bitfinex_hitbtc_bch_usdt,lr_bl,{},0.9358338789636144,0.91,0.58,4.231160841454764,1025,2172,3197,0.8738277919863597,0.9408512990602544,0.9517966695880806,0.8570234113712375,0.9634871214265496,0.8941951420337587,0.8653440270156183,0.9520346804642708,0.9220972192740396,0.19,0.14,0.67,,,,,,,,,,,,,,,,,,,,,,,,
bitfinex_cbpro_etc_usd_rf,bitfinex_cbpro_etc_usd,rf,{},0.9985943689568514,2.79,1.55,0.0014322295039277812,18,418,436,1.0,0.9985677704960724,1.0,0.6923076923076923,1.0,0.9435665914221218,0.8181818181818181,0.9992833720601968,0.9709639953542392,0.07,0.36,0.57,,,,,,,,,0.001405631043148614,0.001405631043148614,0.001405631043148614,0.001405631043148614,0.001405631043148614,0.001405631043148614,0.001405631043148614,0.001405631043148614,,,,,,,,
bitfinex_cbpro_etc_usd_rf_hyper_50_17_100,bitfinex_cbpro_etc_usd,rf_hyper,"{'max_depth': 17, 'max_features': 50, 'n_estimators': 100}",1.0,2.64,1.46,0.0,26,443,469,1.0,1.0,1.0,1.0,1.0,1.0,1.0,1.0,1.0,0.07,0.36,0.57,,,,,,,,,,,,,,,,,-0.0014076096229312409,-0.0014076096229312409,-0.0014076096229312409,-0.0014076096229312409,-0.0014076096229312409,-0.0014076096229312409,-0.0014076096229312409,-0.0014076096229312409
bitfinex_cbpro_etc_usd_rf_bl,bitfinex_cbpro_etc_usd,rf_bl,{},1.0,2.64,1.46,0.0,26,443,469,1.0,1.0,1.0,1.0,1.0,1.0,1.0,1.0,1.0,0.07,0.36,0.57,-0.0493920972644376,-0.0493920972644376,-0.0493920972644376,-0.0493920972644376,-0.0493920972644376,-0.0493920972644376,-0.0493920972644376,-0.0493920972644376,,,,,,,,,,,,,,,,
bitfinex_cbpro_etc_usd_lr_bl,bitfinex_cbpro_etc_usd,lr_bl,{},0.9529326574945692,-0.04,-0.4,17.813797646984785,0,17,17,0.0,0.9809126810004388,0.3617021276595745,0.0,0.9716185674547984,0.038374717832957116,0.0,0.9762435040831476,0.06938775510204083,0.07,0.36,0.57,,,,,,,,,,,,,,,,,,,,,,,,
bitfinex_cbpro_btc_usd_lr_bl,bitfinex_cbpro_btc_usd,lr_bl,{},0.9102777060032236,2.43,2.13,56.88789814685227,20257,331,20588,0.9907561381199256,0.8837559586864406,0.8053527980535279,0.7460042719304707,0.9949871417390332,0.7242888402625821,0.8511344537815126,0.9360788232612774,0.7626728110599079,0.08,0.19,0.73,,,,,,,,,,,,,,,,,,,,,,,,
bitfinex_cbpro_btc_usd_rf,bitfinex_cbpro_btc_usd,rf,{},0.9974776370996518,2.14,1.99,0.003676675394128461,27037,376,27413,0.9997411625499186,0.9963233246058716,1.0,0.9956912425425352,0.99986955387425,0.8227571115973742,0.9977120926971474,0.9980932893084686,0.9027611044417768,0.08,0.19,0.73,,,,,,,,,0.0025223629003482406,0.0025223629003482406,0.0025223629003482406,0.0025223629003482406,0.0025223629003482406,0.0025223629003482406,0.0025223629003482406,0.0025223629003482406,,,,,,,,
bitfinex_cbpro_btc_usd_rf_hyper_50_17_100,bitfinex_cbpro_btc_usd,rf_hyper,"{'max_depth': 17, 'max_features': 50, 'n_estimators': 100}",1.0,2.13,1.99,0.0,27154,457,27611,1.0,1.0,1.0,1.0,1.0,1.0,1.0,1.0,1.0,0.08,0.19,0.73,,,,,,,,,,,,,,,,,-0.002528741303597012,-0.002528741303597012,-0.002528741303597012,-0.002528741303597012,-0.002528741303597012,-0.002528741303597012,-0.002528741303597012,-0.002528741303597012
bitfinex_cbpro_btc_usd_rf_bl,bitfinex_cbpro_btc_usd,rf_bl,{},1.0,2.13,1.99,0.0,27154,457,27611,1.0,1.0,1.0,1.0,1.0,1.0,1.0,1.0,1.0,0.08,0.19,0.73,-0.0985658479879971,-0.0985658479879971,-0.0985658479879971,-0.0985658479879971,-0.0985658479879971,-0.0985658479879971,-0.0985658479879971,-0.0985658479879971,,,,,,,,,,,,,,,,
